date,close,high,low,open,volume,adjClose,adjHigh,adjLow,adjOpen,adjVolume,divCash,splitFactor
1989-07-31,33.89,33.89,31.22,31.22,0,16.9609597553983,16.9609597553983,15.6247023772067,15.6247023772067,0,0.0,1.0
1989-08-31,34.52,34.58,33.45,33.67,0,17.2762564401401,17.3062846958298,16.7407525470072,16.8508561512027,0,0.0,1.0
1989-09-29,34.2,34.76,33.75,34.76,0,17.2068004453293,17.3963694628989,16.8908938254557,17.3963694628989,0,0.18,1.0
1989-10-31,33.4,35.26,32.74,34.37,0,16.8043021892982,17.7401106345705,16.4722411280725,17.2923313247359,0,0.0,1.0
1989-11-30,34.08,34.08,32.67,33.48,0,17.1464257069246,17.1464257069246,16.4370225306698,16.8445520149013,0,0.0,1.0
1989-12-29,33.64,34.78,33.38,34.53,0,17.5537833637101,17.5537833637101,16.9954888609129,17.3728309759421,0,1.24,1.0
1990-01-31,31.38,34.24,30.8,34.24,0,16.3744863838651,17.8668710574742,16.0718349465597,17.8668710574742,0,0.0,1.0
1990-02-28,31.78,32.02,31.02,31.36,0,16.5832115130412,16.7084465905469,16.1866337676066,16.3640501274063,0,0.0,1.0
1990-03-30,32.38,32.93,31.86,31.86,0,17.015579403784,17.1832962594225,16.6249565388764,16.6249565388764,0,0.23,1.0
1990-04-30,31.57,32.87,31.4,32.27,0,16.5899271703972,17.2730727301538,16.5005927510444,16.9577747794969,0,0.0,1.0
1990-05-31,34.63,34.63,31.72,31.72,0,18.1979467187474,18.1979467187474,16.6687516580614,16.6687516580614,0,0.0,1.0
1990-06-29,34.22,35.24,33.82,34.82,0,18.0782012433614,18.5184996352486,17.7828044170491,18.2977910697887,0,0.18,1.0
1990-07-31,34.1,35.29,33.82,34.36,0,18.0148060315203,18.6434752156115,17.8668838705576,18.1521623238427,0,0.0,1.0
1990-08-31,31.02,34.04,29.5,34.04,0,16.3876622609313,17.9831084255997,15.5846562442771,17.9831084255997,0,0.0,1.0
1990-09-28,29.32,31.2,28.84,31.08,0,15.5843652427946,16.482755078693,15.3292323875238,16.4193598668519,0,0.18,1.0
1990-10-31,29.2,30.22,28.34,30.19,0,15.5205820289769,16.0627393464275,15.0634689966166,16.0467935429731,0,0.0,1.0
1990-11-30,31.08,31.08,29.44,29.49,0,16.5198523787878,16.5198523787878,15.6481484566123,15.6747247957031,0,0.0,1.0
1990-12-31,31.24,32.04,31.06,31.28,0,16.9684294948966,17.0301180893295,16.6261577351506,16.6261577351506,0,0.68,1.0
1991-01-31,32.6,32.6,29.5,30.89,0,17.7071319312942,17.7071319312942,16.0233249071527,16.7783222502355,0,0.0,1.0
1991-02-28,34.92,35.1,32.52,32.52,0,18.9672713816194,19.0650408217308,17.6636788468002,17.6636788468002,0,0.0,1.0
1991-03-29,35.51,35.86,34.91,35.24,0,19.4234905393892,19.4778451244236,18.9618397460577,19.1410837195953,0,0.25,1.0
1991-04-30,35.58,36.99,35.15,35.15,0,19.4617795942401,20.2330305562378,19.2265754001557,19.2265754001557,0,0.0,1.0
1991-05-31,37.1,37.1,35.03,36.05,0,20.2931990710036,20.2931990710036,19.1609370204112,19.7188632482393,0,0.0,1.0
1991-06-28,35.23,37.1,35.23,37.1,0,19.3679880412015,20.2931990710036,19.3305028347511,20.2931990710036,0,0.18,1.0
1991-07-31,36.86,36.86,35.45,35.87,0,20.2640942151203,20.2640942151203,19.4889348867611,19.7198334101021,0,0.0,1.0
1991-08-30,37.72,37.83,35.89,36.8,0,20.7368864295805,20.7973598523603,19.7308285778803,20.2311087117858,0,0.0,1.0
1991-09-30,36.91,37.42,36.63,37.42,0,20.3909154167038,20.5719589129083,20.1376497856716,20.5719589129083,0,0.18,1.0
1991-10-31,37.4,37.44,35.88,37.03,0,20.6616157297406,20.6837137144782,19.8218923097083,20.4572093709169,0,0.0,1.0
1991-11-29,35.9,37.96,35.9,37.29,0,19.8329413020772,20.9709875160682,19.8329413020772,20.6008462717119,0,0.0,1.0
1991-12-31,39.31,39.31,36.13,36.5,0,22.0909287836757,22.0909287836757,19.9600047143189,20.1644110731425,0,0.66,1.0
1992-01-31,38.58,39.69,38.58,39.33,0,21.6806927619997,22.3044763018084,21.6806927619997,22.1021681267353,0,0.0,1.0
1992-02-28,39.06,39.44,38.54,38.66,0,21.9504369954305,22.1639845135632,21.6582140758805,21.7256501342382,0,0.0,1.0
1992-03-31,38.09,39.11,38.02,39.06,0,21.5277404075603,21.9785353530795,21.4881777446952,21.9504369954305,0,0.22,1.0
1992-04-30,39.2,39.3,37.24,38.14,0,22.1550912044201,22.2116092942273,21.0473366441991,21.5559994524639,0,0.0,1.0
1992-05-29,39.39,39.61,38.83,38.97,0,22.2624755750538,22.3868153726296,21.9459742721335,22.0250995978636,0,0.0,1.0
1992-06-30,38.58,39.58,38.08,39.58,0,21.9304203160421,22.3698599456875,21.5220885985795,22.3698599456875,0,0.22,1.0
1992-07-31,40.14,40.14,38.69,39.02,0,22.8171869229116,22.8171869229116,21.9929487306291,22.1805339743899,0,0.0,1.0
1992-08-31,39.31,40.24,38.98,40.24,0,22.3453816128465,22.8740309361725,22.1577963690856,22.8740309361725,0,0.0,1.0
1992-09-30,39.55,40.42,39.21,39.52,0,22.6067061738096,22.9763501600421,22.3851724221291,22.4647540406943,0,0.22,1.0
1992-10-30,39.68,39.89,38.14,39.41,0,22.6810139311445,22.801049539147,21.8007528057926,22.5266824351412,0,0.0,1.0
1992-11-30,41.03,41.03,39.56,40.07,0,23.4526714111608,23.4526714111608,22.6124221551431,22.9039372031492,0,0.0,1.0
1992-12-31,41.26,42.03,40.91,40.98,0,23.9048557819716,24.0242695445061,23.3840796351593,23.4240915044935,0,0.56,1.0
1993-01-29,41.3,41.41,40.36,40.95,0,23.9280306300395,23.991761462226,23.3834217004454,23.7252507094459,0,0.0,1.0
1993-02-26,41.86,42.36,40.75,41.66,0,24.2524785029892,24.5421641038371,23.6093764691068,24.13660426265,0,0.0,1.0
1993-03-31,42.49,43.14,41.74,41.74,0,24.763597521264,24.9940736411599,24.1829539587857,24.1829539587857,0,0.25,1.0
1993-04-30,41.46,42.36,40.82,42.36,0,24.1633032062039,24.6878322193632,23.7903047968462,24.6878322193632,0,0.0,1.0
1993-05-31,42.56,42.85,41.45,41.68,0,24.8043942222875,24.9734091265277,24.1574751060577,24.2915214094206,0,0.0,1.0
1993-06-30,42.45,42.92,41.73,42.9,0,24.8707155718306,25.0142058275512,24.4488801133684,25.0025496272588,0,0.22,1.0
1993-07-30,42.27,42.47,41.62,42.31,0,24.765256707215,24.8824332234545,24.3844330294367,24.7886920104629,0,0.0,1.0
1993-08-31,43.87,43.87,42.31,42.47,0,25.7026688371309,25.7026688371309,24.7886920104629,24.8824332234545,0,0.0,1.0
1993-09-30,43.3,43.83,42.93,43.83,0,25.4984790178476,25.679233533883,25.1519392108053,25.679233533883,0,0.22,1.0
1993-10-29,44.2,44.33,43.35,43.53,0,26.0284704985881,26.1050248235839,25.5279229889999,25.6339212851479,0,0.0,1.0
1993-11-30,43.76,44.32,43.25,44.32,0,25.7693635524483,26.0991360293535,25.4690350466954,26.0991360293535,0,0.0,1.0
1993-12-31,43.83,44.71,43.78,43.78,0,26.0849794799119,26.328799004341,25.7811411409092,25.7811411409092,0,0.47,1.0
1994-01-31,45.31,45.31,43.74,43.74,0,26.9657864529959,26.9657864529959,26.0314168937108,26.0314168937108,0,0.0,1.0
1994-02-28,44.08,45.36,43.79,45.13,0,26.2337644415815,26.9955434453298,26.0611738860448,26.8586612805937,0,0.0,1.0
1994-03-31,41.86,44.51,41.84,43.82,0,25.0825281960694,26.4896745756532,25.0705441883312,26.0790280814451,0,0.3,1.0
1994-04-29,42.4,42.56,41.23,41.23,0,25.406096405001,25.5019684669067,24.7050319523159,24.7050319523159,0,0.0,1.0
1994-05-31,43.08,43.16,41.59,42.61,0,25.8135526681001,25.8614886990529,24.9207440916036,25.5319284862522,0,0.0,1.0
1994-06-30,41.81,43.69,41.65,43.19,0,25.1819476367915,26.1790649041155,25.0855804609511,25.8794647106603,0,0.22,1.0
1994-07-29,43.18,43.18,41.99,41.99,0,26.0070915799248,26.0070915799248,25.2903607096119,25.2903607096119,0,0.0,1.0
1994-08-31,44.94,45.0,43.11,43.44,0,27.0671305141691,27.1032682051092,25.9649309404946,26.1636882406654,0,0.0,1.0
1994-09-30,43.62,44.92,43.3,44.74,0,26.4050634089302,27.055084617189,26.2113536360999,26.9466715443686,0,0.22,1.0
1994-10-31,44.6,44.73,42.67,43.55,0,26.998299588223,27.0769941834353,25.8299875208403,26.3626893961236,0,0.0,1.0
1994-11-30,42.97,44.24,42.58,44.24,0,26.0115904328687,26.780376093789,25.7755066472318,26.780376093789,0,0.0,1.0
1994-12-30,42.97,43.89,42.21,42.52,0,26.3917180592363,26.5685060297558,25.5515297223967,25.7391860648261,0,0.63,1.0
1995-01-31,44.08,44.08,42.96,42.96,0,27.0734682813855,27.0734682813855,26.3855761653431,26.3855761653431,0,0.0,1.0
1995-02-28,45.79,45.86,44.08,44.08,0,28.1237321371289,28.1667253943816,27.0734682813855,27.0734682813855,0,0.0,1.0
1995-03-31,46.92,47.21,45.34,45.65,0,28.954343237809,29.1333023072669,27.8473469119333,28.0377456226236,0,0.22,1.0
1995-04-28,48.3,48.3,47.03,47.03,0,29.8059415683328,29.8059415683328,29.0222242641551,29.0222242641551,0,0.0,1.0
1995-05-31,50.21,50.21,48.27,48.27,0,30.9846030257969,30.9846030257969,29.7874285611475,29.7874285611475,0,0.0,1.0
1995-06-30,51.15,51.71,49.73,50.23,0,31.7007052430069,32.0477706376518,30.6883949108321,30.9969450305871,0,0.22,1.0
1995-07-31,52.84,53.13,51.38,51.38,0,32.7480990232744,32.9278293169298,31.8432499586646,31.8432499586646,0,0.0,1.0
1995-08-31,52.98,52.98,52.26,52.62,0,32.8348653719356,32.8348653719356,32.3886384359637,32.6117519039497,0,0.0,1.0
1995-09-29,54.99,55.38,53.16,53.16,0,34.2177023535784,34.3222884918421,32.9464221059286,32.9464221059286,0,0.22,1.0
1995-10-31,54.79,55.63,54.32,54.74,0,34.0932517176316,34.6159443886082,33.8007927231565,34.0621390586449,0,0.0,1.0
1995-11-30,57.19,57.39,55.05,55.05,0,35.5866593489934,35.7111099849402,34.2550375443624,34.2550375443624,0,0.0,1.0
1995-12-29,57.6,58.78,57.18,57.35,0,36.2742915537923,36.5760419047706,35.6613297305615,35.6862198577509,0,0.69,1.0
1996-01-31,59.55,59.55,56.0,58.05,0,37.5023274657697,37.5023274657697,35.2666723439648,36.5576844565563,0,0.0,1.0
1996-02-29,60.1,61.99,59.56,59.79,0,37.8486965691479,39.0389467607567,37.5086250858311,37.6534703472438,0,0.0,1.0
1996-03-29,60.43,61.55,59.49,60.47,0,38.2184341609098,38.7618514780541,37.4645417454011,38.0817085114205,0,0.26,1.0
1996-04-30,61.31,61.42,59.13,61.2,0,38.7749825981364,38.8445511527897,37.3962603331888,38.7054140434831,0,0.0,1.0
1996-05-31,62.87,63.74,59.85,61.36,0,39.7615911914016,40.3118152145688,37.8516181454651,38.8066046684334,0,0.0,1.0
1996-06-28,62.89,63.78,62.27,62.75,0,39.9138432869789,40.3371128708064,39.3821263478381,39.6856982226889,0,0.22,1.0
1996-07-31,60.11,63.39,58.82,63.39,0,38.1494851324582,40.2311738903099,37.3307721758642,40.2311738903099,0,0.0,1.0
1996-08-30,61.37,63.09,61.06,61.06,0,38.9491582528525,40.0407755283113,38.7524132787872,38.7524132787872,0,0.0,1.0
1996-09-30,64.59,64.76,61.16,61.62,0,41.1327395378144,41.1327395378144,38.8158793994534,39.107823554518,0,0.22,1.0
1996-10-31,66.37,66.87,64.76,64.76,0,42.2662939019158,42.5847080491353,41.241000347869,41.241000347869,0,0.0,1.0
1996-11-29,71.39,71.39,66.23,66.23,0,45.4631719399995,45.4631719399995,42.1771379406943,42.1771379406943,0,0.0,1.0
1996-12-31,69.16,71.34,68.05,71.34,0,44.5663160604063,45.5200197586336,43.3361654365733,45.4313305252776,0,0.83,1.0
1997-01-31,73.47,73.47,68.83,68.83,0,47.343655884298,47.343655884298,44.3536659114773,44.3536659114773,0,0.0,1.0
1997-02-28,74.05,76.39,72.77,73.54,0,47.7174046309006,49.2252875051249,46.8925798108121,47.3887634916466,0,0.0,1.0
1997-03-31,70.69,76.22,70.69,74.47,0,45.7439472468112,49.1157404587069,45.7439472468112,47.9880502749922,0,0.31,1.0
1997-04-30,74.9,74.9,68.91,70.93,0,48.4682649425118,48.4682649425118,44.5920979597929,45.8992527686564,0,0.0,1.0
1997-05-30,79.46,79.56,74.65,74.65,0,51.4190698575699,51.4837804916721,48.3064883572564,48.3064883572564,0,0.0,1.0
1997-06-30,82.73,84.26,78.72,79.28,0,53.7090902485845,54.5251802944732,50.940211165214,51.302590716186,0,0.27,1.0
1997-07-31,89.32,89.32,83.31,83.31,0,57.9873799226831,57.9873799226831,54.0856316766539,54.0856316766539,0,0.0,1.0
1997-08-29,84.31,89.9,84.31,88.67,0,54.7348410353942,58.3639213507524,54.7348410353942,57.5653938395019,0,0.0,1.0
1997-09-30,88.65,89.66,85.59,86.96,0,57.7282714744879,58.2081111046548,55.5658290145818,56.455245836056,0,0.27,1.0
1997-10-31,85.68,92.02,82.09,89.42,0,55.794227861637,59.9227923415947,53.4564445046893,58.2296901889307,0,0.0,1.0
1997-11-28,89.62,90.33,84.93,87.97,0,58.3599288160587,58.8222759423631,55.305833009907,57.2854601422526,0,0.0,1.0
1997-12-31,90.07,92.32,86.53,91.45,0,59.366685663622,60.1181502822867,57.0334107968604,59.5516122542799,0,1.06,1.0
1998-01-30,91.07,91.54,86.13,90.5,0,60.0258028576225,60.3355879388027,56.7697639192602,59.6501060570422,0,0.0,1.0
1998-02-27,97.62,97.62,93.01,93.01,0,64.3430204783256,64.3430204783256,61.3044902139834,61.3044902139834,0,0.0,1.0
1998-03-31,102.21,102.95,96.33,97.47,0,67.6268911152644,67.8561151223481,63.492759298065,64.2441528992255,0,0.39,1.0
1998-04-30,103.24,104.95,100.74,102.82,0,68.3083870339487,69.4398025882692,66.6542707264625,68.030495494291,0,0.0,1.0
1998-05-29,101.44,104.19,101.44,104.1,0,67.1174232925587,68.9369512307935,67.1174232925587,68.8774030437239,0,0.0,1.0
1998-06-30,105.3,105.72,100.23,101.47,0,69.8501592580808,70.1287638819022,66.3168309997354,67.1372726882485,0,0.27,1.0
1998-07-31,104.19,110.28,104.19,106.68,0,69.1138470379814,73.1536140833918,69.1138470379814,70.7655744506369,0,0.0,1.0
1998-08-31,89.11,103.42,89.11,103.42,0,59.1106143541081,68.6030718943088,59.1106143541081,68.6030718943088,0,0.0,1.0
1998-09-30,94.56,99.36,90.7,92.57,0,62.900258909914,65.9098938640352,60.1653318585748,61.4057857789225,0,0.27,1.0
1998-10-30,102.28,102.28,89.28,91.73,0,68.0355169342852,68.0355169342852,59.3880617118985,61.0177744268868,0,0.0,1.0
1998-11-30,108.49,111.17,103.41,103.48,0,72.1663397751329,73.9490459286711,68.7871803497695,68.8337435701978,0,0.0,1.0
1998-12-31,113.95,115.09,106.46,109.58,0,76.3557111675864,77.1196033196799,70.8160063827141,72.8913956360869,0,0.82,1.0
1999-01-29,118.74,118.74,112.44,113.88,0,79.5653983680493,79.5653983680493,75.3438891064802,76.3088055091246,0,0.0,1.0
1999-02-26,115.03,118.14,112.89,118.12,0,77.0793984695697,79.1633498669475,75.6454254823066,79.1499482502441,0,0.0,1.0
1999-03-31,118.9,122.41,113.85,114.84,0,80.1598541797339,82.024595033122,76.2887030840695,76.9520831108875,0,0.725,1.0
1999-04-30,123.48,126.01,119.23,119.58,0,83.2475928857321,84.9532651403555,80.3823331694674,80.6182957343362,0,0.0,1.0
1999-05-31,120.53,126.55,118.65,125.28,0,81.258765553266,85.3173216690103,79.9913094905419,84.4611146479147,0,0.0,1.0
1999-06-30,126.83,126.83,119.84,119.84,0,85.7735181806086,85.7735181806086,80.793582211096,80.793582211096,0,0.38,1.0
1999-07-30,122.86,131.15,122.86,127.6,0,83.0886576020624,88.6950793139385,83.0886576020624,86.2942594011327,0,0.0,1.0
1999-08-31,122.25,127.91,118.57,122.8,0,82.6761223494395,86.5039084639411,80.187385087714,83.0480803640995,0,0.0,1.0
1999-09-30,118.55,125.7,117.22,123.27,0,80.4116430106494,85.0093135323071,79.5095132324616,83.365935394809,0,0.35,1.0
1999-10-29,126.05,126.05,115.32,118.56,0,85.498841007949,85.498841007949,78.220756406479,80.4184259413124,0,0.0,1.0
1999-11-30,128.6,131.9,124.64,125.23,0,87.2284883270308,89.4668554458427,84.5424477844567,84.9426406935776,0,0.0,1.0
1999-12-31,135.33,135.33,129.45,129.45,0,92.442672725147,92.442672725147,87.8050374333915,87.8050374333915,0,0.95,1.0
2000-01-31,128.52,135.01,125.36,134.04,0,87.7908246407736,92.2240836815347,85.6322578351025,91.5614856430851,0,0.0,1.0
2000-02-29,126.07,132.9,123.0,129.89,0,86.1172522756172,90.7827621752164,84.0201636384621,88.7266589837386,0,0.0,1.0
2000-03-31,138.08,141.03,125.11,127.28,0,94.5222264020749,96.3431209721033,85.4614851447805,86.9437920967761,0,0.3,1.0
2000-04-28,133.93,139.77,125.07,138.77,0,91.6813570540983,95.6791105461906,85.6162721328759,94.9945637153529,0,0.0,1.0
2000-05-31,131.2,135.39,126.83,135.39,0,89.8125442059112,92.6807954271213,86.8210745551503,92.6807954271213,0,0.0,1.0
2000-06-30,134.15,137.29,132.89,133.8,0,92.0461789445162,93.981434405713,91.1816378675867,91.5923659660894,0,0.31,1.0
2000-07-31,132.15,139.4,131.14,135.55,0,90.6738915208186,95.6484334317224,89.9808863718513,93.0067801411045,0,0.0,1.0
2000-08-31,140.33,140.33,132.82,132.82,0,96.2865470837418,96.2865470837418,91.1336078077573,91.1336078077573,0,0.0,1.0
2000-09-29,132.59,140.62,131.66,140.62,0,91.193554155044,96.4855287601779,90.55391311602,96.4855287601779,0,0.32,1.0
2000-10-31,132.02,132.61,122.79,132.56,0,90.801516098868,91.2073098763134,84.4532507330708,91.17292057314,0,0.0,1.0
2000-11-30,121.62,132.31,121.62,131.28,0,83.6485410388148,91.0009740572734,83.6485410388148,90.2925544119027,0,0.0,1.0
2000-12-29,121.86,127.72,117.07,121.64,0,84.0709199793671,87.8440360259614,80.5191144500415,83.6622967600841,0,0.37,1.0
2001-01-31,126.18,126.88,118.44,118.44,0,87.0512775561836,87.5342058672419,81.711470231054,81.711470231054,0,0.0,1.0
2001-02-28,114.65,126.88,114.65,126.88,0,79.0967583754672,87.5342058672419,79.0967583754672,87.5342058672419,0,0.0,1.0
2001-03-30,107.07,116.99,103.12,114.77,0,74.0691199605696,80.7111187295762,71.3365802777056,79.1795460859343,0,0.29,1.0
2001-04-30,115.39,115.75,101.83,105.74,0,79.8247478495388,80.0737894408885,70.4441812420361,73.1490496369723,0,0.0,1.0
2001-05-31,116.14,121.36,115.11,116.95,0,80.3435844981839,83.9546875727536,79.6310488340447,80.9039280787206,0,0.0,1.0
2001-06-29,113.02,118.71,111.79,116.59,0,78.3788031602656,82.121464747541,77.3481675800064,80.6548864873709,0,0.28,1.0
2001-07-31,111.89,114.15,108.23,114.15,0,77.5951538276599,79.1624524928714,75.0569621839988,79.1624524928714,0,0.0,1.0
2001-08-31,104.87,112.8,104.45,112.34,0,72.7268190357199,78.2262342636521,72.435551142185,77.907226570733,0,0.0,1.0
2001-09-28,96.04,104.81,89.08,104.81,0,66.8425156483469,72.6852093366434,61.9984516238519,72.6852093366434,0,0.32,1.0
2001-10-31,97.86,101.98,95.82,95.82,0,68.1092105513039,70.9766737382176,66.6893986820554,66.6893986820554,0,0.0,1.0
2001-11-30,105.35,106.98,100.12,100.12,0,73.3221472673193,74.4566047902973,69.6821393868439,69.6821393868439,0,0.0,1.0
2001-12-31,105.89,108.25,103.55,104.47,0,73.9629566815254,75.3405072775255,72.0693720885706,72.7096794021533,0,0.385,1.0
2002-01-31,104.33,108.16,101.58,106.51,0,72.8733144827986,75.5485257783906,70.9524708632482,74.3960196066604,0,0.0,1.0
2002-02-28,102.31,103.59,99.74,103.59,0,71.4623675331652,72.3564329269923,69.6672518596217,72.3564329269923,0,0.0,1.0
2002-03-29,105.85,108.24,104.4,104.62,0,74.1373685438763,75.6044048655048,73.0758761735875,73.0758761735875,0,0.29,1.0
2002-04-30,99.42,105.77,98.36,105.77,0,69.6337948099403,74.0813365223032,68.891370524097,74.0813365223032,0,0.0,1.0
2002-05-31,98.67,102.29,96.91,100.31,0,69.1084946076927,71.6439435838744,67.875790133085,70.2571510499408,0,0.0,1.0
2002-06-28,91.33,97.11,89.82,96.22,0,64.1779300880046,68.0158701870177,63.11684748171,67.3925139470172,0,0.3,1.0
2002-07-31,84.28,91.28,73.73,89.37,0,59.2238689129205,64.1427949023657,51.8103447431137,62.8006308109599,0,0.0,1.0
2002-08-30,84.83,89.12,77.17,81.8,0,59.6103559549483,62.6249548827655,54.2276455150697,57.4811637052313,0,0.0,1.0
2002-09-30,75.26,84.27,75.26,81.31,0,53.1278530158897,59.2168418757927,53.1278530158897,57.1368388859701,0,0.35,1.0
2002-10-31,81.87,83.12,71.75,78.27,0,57.7940117779815,58.6764169901774,50.6500591800436,55.2526847668574,0,0.0,1.0
2002-11-29,86.91,86.91,81.02,83.27,0,61.3518695935553,61.3518695935553,57.1939762336883,58.7823056156409,0,0.0,1.0
2002-12-31,81.15,86.52,80.73,86.52,0,57.5837770146495,61.0765591673502,57.2857463757567,61.0765591673502,0,0.42,1.0
2003-01-31,79.02,85.98,77.99,83.86,0,56.0723359174073,61.011129361917,55.3414512553606,59.5067842322675,0,0.0,1.0
2003-02-28,77.82,79.44,75.56,79.44,0,55.220819806285,56.3703665563001,53.6171311303379,56.3703665563001,0,0.0,1.0
2003-03-31,78.27,82.96,74.12,77.24,0,55.7492240739489,58.8681471489257,52.595311796991,54.8092536859092,0,0.3,1.0
2003-04-30,84.73,84.9,79.25,79.25,0,60.3504759906182,60.4715615673727,56.4472468105334,56.4472468105334,0,0.0,1.0
2003-05-30,89.19,89.19,84.69,84.69,0,63.5271917101763,63.5271917101763,60.321985266676,60.321985266676,0,0.0,1.0
2003-06-30,90.02,93.71,89.51,89.51,0,64.3275923336698,66.7466435156478,63.7551175017141,63.7551175017141,0,0.3,1.0
2003-07-31,91.59,93.14,90.48,90.75,0,65.4495021310911,66.5571200839592,64.656304758392,64.8492446598594,0,0.0,1.0
2003-08-29,93.36,93.36,89.29,90.65,0,66.7143303740437,66.7143303740437,63.8059400074803,64.7777854370937,0,0.0,1.0
2003-09-30,92.0,96.36,92.0,94.66,0,65.9995146423018,68.8581070570143,65.9995146423018,67.6433002699976,0,0.36,1.0
2003-10-31,97.19,97.19,94.06,94.06,0,69.7227481313621,69.7227481313621,67.4773298614664,67.4773298614664,0,0.0,1.0
2003-11-28,98.03,98.05,95.72,97.95,0,70.3253523954874,70.3397001160618,68.6681906691427,70.2679615131898,0,0.0,1.0
2003-12-31,102.67,102.67,98.16,99.13,0,73.9962617405488,73.9962617405488,70.4186125792211,71.1144770270802,0,0.47,1.0
2004-01-30,104.54,106.74,102.36,102.36,0,75.3440070357161,76.9295897359129,73.7728387237029,73.7728387237029,0,0.0,1.0
2004-02-27,105.98,107.09,104.13,104.92,0,76.3818429849358,77.181841529126,75.0485120779521,75.6178804112046,0,0.0,1.0
2004-03-31,104.01,107.12,101.11,107.01,0,75.2258217338904,77.2034631114015,72.8719394622274,77.1241839763916,0,0.36,1.0
2004-04-30,102.37,106.27,102.37,104.56,0,74.0396824430186,76.860379537165,74.0396824430186,75.6236123497316,0,0.0,1.0
2004-05-31,103.76,103.82,100.33,103.31,0,75.045007817599,75.0884031575089,72.5642408860804,74.7195427682744,0,0.0,1.0
2004-06-30,105.41,106.01,103.42,103.81,0,76.493041173834,76.6723330642219,74.7991008914426,75.0811706008573,0,0.35,1.0
2004-07-30,101.92,104.33,100.23,104.33,0,73.9604473620829,75.7093158681918,72.7340623930688,75.7093158681918,0,0.0,1.0
2004-08-31,102.31,102.63,98.44,102.37,0,74.2434592780093,74.4756741833847,71.4351102661248,74.2869995727672,0,0.0,1.0
2004-09-30,102.99,104.72,101.95,102.5,0,75.0357178587121,75.9923277841182,74.2780020943364,74.381336878076,0,0.41,1.0
2004-10-29,104.55,105.58,101.23,104.56,0,76.1722915052758,76.922721541148,73.7534296420762,76.1795772337794,0,0.0,1.0
2004-11-30,108.78,109.65,104.58,104.58,0,79.2541546623042,79.8880130421185,76.1941486907866,76.1941486907866,0,0.0,1.0
2004-12-31,111.64,112.23,109.12,110.43,0,81.9436193992806,82.0537192103688,79.501869431427,80.4562998654004,0,0.83,1.0
2005-01-31,108.9,110.73,107.27,110.73,0,79.9324628500686,81.2756805453452,78.7360449029096,81.2756805453452,0,0.0,1.0
2005-02-28,111.18,111.9,109.33,109.65,0,81.6059799786099,82.1344590718335,80.2480823085215,80.4829619055098,0,0.0,1.0
2005-03-31,108.79,113.23,107.37,111.81,0,80.1696805854656,83.110677396816,79.1232521781546,82.0683991851806,0,0.43,1.0
2005-04-29,106.71,109.8,104.87,108.08,0,78.6368840451791,80.9139712132009,77.2809486441564,79.6464663818101,0,0.0,1.0
2005-05-31,110.09,110.77,106.56,107.19,0,81.1276784231447,81.6287849843922,78.5263458331392,78.9906063237067,0,0.0,1.0
2005-06-30,109.81,112.55,109.72,111.12,0,81.2308756092993,82.9405051005989,81.1642989878183,81.8867074791519,0,0.42,1.0
2005-07-29,113.88,114.76,110.11,110.11,0,84.2416183807213,84.8925897907585,81.4527976809029,81.4527976809029,0,0.0,1.0
2005-08-31,112.84,114.91,111.36,113.99,0,83.4722885324956,85.0035508265603,82.3774729792512,84.322989806976,0,0.0,1.0
2005-09-30,113.2,114.81,111.93,112.95,0,84.1351058319619,84.9295768026925,82.8287145248452,83.5536599587502,0,0.53,1.0
2005-10-31,111.3,113.0,108.48,113.0,0,82.7229441616375,83.9864572350857,80.6269989456822,83.9864572350857,0,0.0,1.0
2005-11-30,115.49,117.15,110.9,110.9,0,85.8371322661951,87.070915620268,82.425646967885,82.425646967885,0,0.0,1.0
2005-12-30,114.92,117.7,114.92,116.9,0,85.855964254297,87.4796992616777,85.855964254297,86.8851048741727,0,0.6,1.0
2006-01-31,117.96,119.23,116.23,116.82,0,88.127127944978,89.0759364604928,86.8346565025839,87.2754415609726,0,0.0,1.0
2006-02-28,118.26,119.51,115.68,118.19,0,88.3512559407689,89.2851225898976,86.4237551769673,88.2989594084177,0,0.0,1.0
2006-03-31,119.24,120.67,117.56,119.27,0,89.4461067673701,90.2787567045706,87.8282906172568,89.1058201932649,0,0.49,1.0
2006-04-28,120.83,120.86,118.44,119.52,0,90.6388215422789,90.6613255946356,88.845998704523,89.6561445893666,0,0.0,1.0
2006-05-31,117.33,122.25,116.0,120.33,0,88.0133487673225,91.7040133538326,87.0156691128391,90.2637540029994,0,0.0,1.0
2006-06-30,116.99,119.01,113.12,118.78,0,88.125876883924,89.2735756993016,84.8552800865893,89.101044631233,0,0.48,1.0
2006-07-31,117.7,117.93,113.77,117.93,0,88.6607035578925,88.8339572691782,85.7003249259255,88.8339572691782,0,0.0,1.0
2006-08-31,120.48,120.52,116.81,117.17,0,90.7548136334316,90.7849447136551,87.9902870229178,88.2614667449301,0,0.0,1.0
2006-09-29,123.04,123.35,119.6,121.15,0,93.081247576456,93.3157663244135,90.0919298685127,91.2595092271766,0,0.52,1.0
2006-10-31,127.04,128.04,122.62,122.62,0,96.107295937199,96.8638080273847,92.7635124985779,92.7635124985779,0,0.0,1.0
2006-11-30,129.43,129.85,125.84,126.12,0,97.915359832743,98.233094910621,95.1994814289761,95.4113048142281,0,0.0,1.0
2006-12-29,130.59,131.96,129.08,129.08,0,99.2852499304036,99.8782700310676,97.6505806011779,97.6505806011779,0,0.65,1.0
2007-01-31,132.54,132.69,129.82,130.45,0,100.767800182064,100.881842509114,98.699832651543,99.1788104251562,0,0.0,1.0
2007-02-28,129.93,134.7,129.19,133.28,0,98.7834636913802,102.410009691595,98.2208548779297,101.330408995514,0,0.0,1.0
2007-03-30,130.83,132.66,126.92,129.6,0,99.8815394744831,101.026707319868,96.4950143285613,98.5325705718685,0,0.55,1.0
2007-04-30,136.61,137.8,131.17,131.17,0,104.294252905367,105.202752729372,100.14111085277,100.14111085277,0,0.0,1.0
2007-05-31,141.36,141.36,136.97,136.97,0,107.920617749086,107.920617749086,104.569093188259,104.569093188259,0,0.0,1.0
2007-06-29,138.43,142.15,137.43,141.89,0,106.119233072886,108.523739480989,105.149311563254,108.325243721122,0,0.57,1.0
2007-07-31,134.15,143.15,134.15,139.91,0,102.838222327008,109.737543988902,102.838222327008,107.25378819062,0,0.0,1.0
2007-08-31,136.16,138.15,129.87,135.13,0,104.379070831497,105.904587510072,99.5572115811294,103.589481796859,0,0.0,1.0
2007-09-28,140.61,141.39,134.19,137.58,0,108.266094668662,108.597183643183,102.868885978838,105.467630471485,0,0.62,1.0
2007-10-31,142.83,144.22,138.31,142.48,0,109.975437746426,111.045702105927,106.495153642149,109.705946720652,0,0.0,1.0
2007-11-30,136.85,140.2,129.97,139.1,0,105.370991077493,107.950405181327,100.073567485143,107.103433386038,0,0.0,1.0
2007-12-31,135.15,140.16,133.72,136.05,0,104.633427345412,107.919606206953,102.960971332718,104.755011590011,0,0.75,1.0
2008-01-31,127.02,133.22,120.71,133.22,0,98.339163458485,103.139217099192,93.4539475757655,103.139217099192,0,0.0,1.0
2008-02-29,122.89,128.58,122.28,128.58,0,95.1417083720141,99.546918890663,94.6694450299445,99.546918890663,0,0.0,1.0
2008-03-31,121.75,125.11,117.69,122.95,0,94.7226113134688,96.8604372562672,91.1158569314211,95.1881605040209,0,0.6,1.0
2008-04-30,127.67,128.78,122.35,126.12,0,99.3284253502305,100.192015482123,95.1894167901676,98.1225112020919,0,0.0,1.0
2008-05-30,129.31,131.67,127.02,129.88,0,100.604360319874,102.440461861556,98.8227194171401,101.047825522738,0,0.0,1.0
2008-06-30,117.83,129.73,117.68,127.96,0,92.1151919703435,100.931124153563,91.9979274469153,99.5540479973016,0,0.57,1.0
2008-07-31,116.85,118.38,111.94,118.31,0,91.3490637506122,92.5451618895805,87.5106050170606,92.4904384453139,0,0.0,1.0
2008-08-29,118.54,120.46,115.16,116.2,0,92.6702440479039,94.1712299477856,90.0278834533205,90.8409174824231,0,0.0,1.0
2008-09-30,107.37,118.05,101.85,118.05,0,84.4169662314761,92.2871799380383,80.0770048493606,92.2871799380383,0,0.635,1.0
2008-10-31,89.34,106.9,78.25,106.9,0,70.2413314996748,84.0474405340859,61.5220974910404,84.0474405340859,0,0.0,1.0
2008-11-28,82.93,92.75,69.57,89.12,0,65.2016299671819,72.9223583679744,54.6976654626413,70.0683620243006,0,0.0,1.0
2008-12-31,83.09,84.62,75.54,75.54,0,65.8974022444796,66.5303500280107,59.3914280443858,59.3914280443858,0,0.7,1.0
2009-01-30,76.1,86.02,74.17,85.75,0,60.3537406523636,68.2211402222907,58.8230873086178,68.0070073710931,0,0.0,1.0
2009-02-27,67.99,80.25,67.99,76.05,0,53.9218242700947,63.6450418837343,53.9218242700947,60.3140864206604,0,0.0,1.0
2009-03-31,73.44,76.64,62.65,64.83,0,58.6453999249881,61.2007550415453,49.6867523241864,51.4156768264486,0,0.528,1.0
2009-04-30,80.46,80.53,74.67,74.67,0,64.2512102119355,64.3071086051102,59.6276145479148,59.6276145479148,0,0.0,1.0
2009-05-29,84.98,85.7,80.9,80.9,0,67.8606493140726,68.4356042152979,64.6025715404621,64.6025715404621,0,0.0,1.0
2009-06-30,84.72,87.58,82.46,87.17,0,68.0099157069622,69.9368753462753,66.0479442782648,69.6094704719664,0,0.435,1.0
2009-07-31,91.14,91.14,81.08,85.1,0,73.1636416139345,73.1636416139345,65.0878655042551,68.3149649039481,0,0.0,1.0
2009-08-31,94.42,95.36,90.55,92.54,0,75.7966978405497,76.5512932225674,72.6900125975617,74.2875070765142,0,0.0,1.0
2009-09-30,97.45,99.24,92.05,92.33,0,78.6139016173237,79.6660060760024,73.8941541646113,74.1189272571272,0,0.482,1.0
2009-10-30,95.63,101.28,94.52,94.94,0,77.1456891910176,81.7036013935613,76.2502409529958,76.5890592052202,0,0.0,1.0
2009-11-30,101.35,102.71,96.25,96.25,0,81.7600711022653,82.8571968713732,77.6458494681109,77.6458494681109,0,0.0,1.0
2009-12-31,102.67,104.34,101.05,102.58,0,83.3507123779625,84.2761999800943,81.5180580649621,82.7523245552085,0,0.659,1.0
2010-01-29,98.97,105.97,98.97,104.32,0,80.3469368271836,86.0297554367652,80.3469368271836,84.6902339073638,0,0.0,1.0
2010-02-26,102.03,102.41,97.45,100.38,0,82.8311403908007,83.139636258178,79.1129533576745,81.4916188613993,0,0.0,1.0
2010-03-31,107.73,108.58,103.06,103.06,0,87.8122325030741,88.1486349469092,83.6673265576391,83.6673265576391,0,0.437,1.0
2010-04-30,109.43,112.22,108.54,108.54,0,89.1979263233212,91.4720944165504,88.4724748527212,88.4724748527212,0,0.0,1.0
2010-05-31,100.68,110.86,98.65,110.86,0,82.0656787191079,90.3635393603526,80.4109972749305,90.3635393603526,0,0.0,1.0
2010-06-30,94.91,103.38,94.91,98.95,0,77.7581588342037,84.2664865512652,77.7581588342037,80.6555314785035,0,0.506,1.0
2010-07-30,101.55,102.76,94.17,94.61,0,83.1981986051352,84.1895311537538,77.1518893416601,77.5123739047941,0,0.0,1.0
2010-08-31,96.95,104.01,96.71,103.79,0,79.4294963541887,85.2136350262936,79.232868410661,85.0333927447266,0,0.0,1.0
2010-09-30,105.06,105.71,99.82,99.82,0,86.5137304605033,87.0489857888806,81.7808388455401,81.7808388455401,0,0.529,1.0
2010-10-29,109.04,109.24,104.68,105.52,0,89.7911400096447,89.9558339568378,86.2008119608365,86.8925265390473,0,0.0,1.0
2010-11-30,109.04,113.01,108.74,109.14,0,89.7911400096447,93.0603148614266,89.5440990888552,89.8734869832413,0,0.0,1.0
2010-12-31,115.82,116.4,111.41,111.41,0,95.7814104021091,95.9468074154092,91.7427632838822,91.7427632838822,0,0.494,1.0
2011-01-31,118.55,119.79,116.98,117.13,0,98.039079633656,99.0645411161168,96.7407130792499,96.864760839225,0,0.0,1.0
2011-02-28,122.6,123.99,120.22,120.53,0,101.388369152984,102.53787839542,99.4201446947121,99.6765100653273,0,0.0,1.0
2011-03-31,122.12,122.97,116.21,120.67,0,101.414342477811,101.694353627589,96.1039345780444,99.7922879746374,0,0.505,1.0
2011-04-29,125.72,125.72,120.3,122.73,0,104.403956242305,104.403956242305,99.9029266302048,101.920915921239,0,0.0,1.0
2011-05-31,124.28,125.5,121.55,125.5,0,103.208110736507,104.221257623364,100.940986965099,104.221257623364,0,0.0,1.0
2011-06-30,121.65,121.65,116.8,121.47,0,101.482182913309,101.482182913309,97.1790563114428,100.874551103666,0,0.536,1.0
2011-07-29,119.16,124.72,119.16,123.41,0,99.4049890337023,104.043221150414,99.4049890337023,102.950400273995,0,0.0,1.0
2011-08-31,112.67,118.66,103.28,118.66,0,93.9909375161735,98.987881828962,86.1576642111512,98.987881828962,0,0.0,1.0
2011-09-30,104.18,112.52,103.97,111.34,0,87.3715454289627,93.8658053547515,87.195426936545,92.8814323515644,0,0.554,1.0
2011-10-31,115.55,118.48,101.22,101.22,0,96.9071038041529,99.3643761031245,84.88911334536,84.88911334536,0,0.0,1.0
2011-11-30,115.28,117.75,107.06,112.33,0,96.6806657424729,98.7521546771008,89.7868847535492,94.2066202537472,0,0.0,1.0
2011-12-30,115.8,116.63,111.53,115.07,0,97.664486049449,98.2379908034527,93.5356926635843,96.5045472500551,0,0.651,1.0
2012-01-31,120.97,122.21,117.59,117.59,0,102.024808958565,103.070611745278,99.1741529754293,99.1741529754293,0,0.0,1.0
2012-02-29,126.18,126.76,122.07,122.07,0,106.418867441446,106.908033261038,102.952537237101,102.952537237101,0,0.0,1.0
2012-03-30,129.78,130.48,124.14,126.97,0,109.910954673785,110.503786144518,104.698353179435,107.085145023303,0,0.536,1.0
2012-04-30,128.95,130.76,125.27,130.76,0,109.208025929917,110.740918732811,106.091426198067,110.740918732811,0,0.0,1.0
2012-05-31,121.19,129.68,119.7,129.68,0,102.636065625798,109.826264463681,101.374181495239,109.826264463681,0,0.0,1.0
2012-06-29,125.55,125.7,118.21,118.21,0,106.853328565881,106.853328565881,100.11229736468,100.11229736468,0,0.607,1.0
2012-07-31,127.27,127.88,123.11,125.86,0,108.317189379368,108.836349319035,104.776688807213,107.117163945056,0,0.0,1.0
2012-08-31,130.12,131.11,125.98,126.92,0,110.742772704042,111.585343753665,107.219293769253,108.019310725461,0,0.0,1.0
2012-09-28,132.83,135.72,129.87,129.97,0,113.596094900609,115.508831166558,110.530002236965,110.615110423796,0,0.651,1.0
2012-10-31,130.36,134.83,130.03,133.18,0,111.483753152476,115.306493077235,111.201537453332,113.895414581518,0,0.0,1.0
2012-11-30,131.09,131.88,125.16,131.79,0,112.108048486944,112.783655766711,107.036717893248,112.706687848763,0,0.0,1.0
2012-12-31,131.37,134.1,129.19,130.48,0,113.119578734896,114.682197742766,111.242432646428,111.586377043073,0,0.905,1.0
2013-01-31,138.17,139.02,134.3,134.74,0,118.974896809018,119.706811568283,115.642531963893,116.021405486336,0,0.0,1.0
2013-02-28,140.02,141.41,137.49,139.56,0,120.567887755654,121.764783656099,118.389365001605,120.171792709463,0,0.0,1.0
2013-03-29,144.61,144.65,140.35,140.35,0,125.075496728398,125.075496728398,120.852042897486,120.852042897486,0,0.635,1.0
2013-04-30,147.37,147.37,142.18,143.97,0,127.46266477328,127.46266477328,122.973750949752,124.521950515093,0,0.0,1.0
2013-05-31,150.8,154.26,146.01,146.01,0,130.429326510217,133.421935725902,126.286379070005,126.286379070005,0,0.0,1.0
2013-06-28,148.06,152.89,144.94,151.71,0,128.667809029449,132.237000863044,125.956451713686,131.216400032261,0,0.697,1.0
2013-07-31,155.57,156.43,148.82,148.87,0,135.194185132456,135.941546443852,129.328267862776,129.371719101811,0,0.0,1.0
2013-08-30,151.04,157.79,150.75,157.53,0,131.257502875915,137.123420145595,131.005485689514,136.897473702615,0,0.0,1.0
2013-09-30,155.02,159.74,151.68,151.68,0,135.354877449402,138.818018467947,131.813678735559,131.813678735559,0,0.747,1.0
2013-10-31,162.13,163.52,152.7,156.27,0,141.562935626832,142.776606634797,133.329181954094,136.44630821196,0,0.0,1.0
2013-11-29,167.04,167.17,161.4,162.59,0,145.85007566216,145.963584461466,140.925540061498,141.964582147453,0,0.0,1.0
2013-12-31,170.36,170.36,164.36,166.59,0,149.516418485731,149.516418485731,143.510048107236,145.457160587639,0,0.869,1.0
2014-01-31,164.45,170.46,163.67,168.88,0,144.329508217765,149.604183464884,143.644941380368,148.21749679426,0,0.0,1.0
2014-02-28,171.95,171.95,160.69,160.69,0,150.91188165427,150.91188165427,141.029545001597,141.029545001597,0,0.0,1.0
2014-03-31,172.63,173.75,170.42,170.69,0,152.155087684206,152.491651279031,149.569077473223,149.806042916937,0,0.734,1.0
2014-04-30,173.88,174.38,167.54,173.86,0,153.256830484445,153.697527604541,147.668791001633,153.239202599642,0,0.0,1.0
2014-05-30,177.94,177.94,172.41,173.87,0,156.835291099622,156.835291099622,151.961180951364,153.248016542044,0,0.0,1.0
2014-06-30,180.83,181.46,178.03,178.09,0,160.053474989909,160.212793828034,156.914616581239,156.96750023565,0,0.762,1.0
2014-07-31,178.32,183.56,178.32,182.07,0,157.831862302719,162.469810701475,157.831862302719,161.151004763661,0,0.0,1.0
2014-08-29,185.43,185.43,176.48,177.81,0,164.124956408665,164.124956408665,156.203269735216,157.38045892803,0,0.0,1.0
2014-09-30,181.99,186.35,181.35,185.33,0,161.797729919819,164.939252692416,161.228739606347,164.03644594304,0,0.826,1.0
2014-10-31,186.4,186.4,171.98,179.59,0,165.718428798584,165.718428798584,152.898365798178,159.664016244301,0,0.0,1.0
2014-11-28,191.4,191.88,185.85,186.38,0,170.16366562258,170.590408357684,165.229452747944,165.700647851288,0,0.0,1.0
2014-12-31,189.89,192.79,182.79,190.1,0,169.713855431565,172.305725360216,162.508967811658,169.007904048341,0,0.981,1.0
2015-01-30,184.17,190.43,183.9,189.85,0,164.601615434364,170.196479487245,164.360303406524,169.678105501515,0,0.0,1.0
2015-02-27,194.73,195.68,186.56,186.56,0,174.039596967659,174.888657806355,166.737673754873,166.737673754873,0,0.0,1.0
2015-03-31,190.71,195.93,188.92,195.93,0,171.265982007498,175.11209486917,168.846919627844,175.11209486917,0,0.934,1.0
2015-04-30,192.52,195.45,189.98,189.98,0,172.89144174969,175.522710835118,170.610409846282,170.610409846282,0,0.0,1.0
2015-05-29,194.97,197.07,192.11,194.62,0,175.091649688018,176.977542206584,172.523243686542,174.777334268257,0,0.0,1.0
2015-06-30,190.36,196.47,189.84,195.39,0,171.707273481222,176.695407660415,171.238226505963,175.468828191731,0,0.86,1.0
2015-07-31,194.32,196.5,188.95,191.73,0,175.279246600499,177.24563584293,170.43543456754,172.943031858346,0,0.0,1.0
2015-08-31,182.58,194.49,172.83,193.78,0,164.689609120622,175.432588880872,155.894978334522,174.792159356962,0,0.0,1.0
2015-09-30,177.14,184.9,173.59,177.19,0,160.588781195766,166.782280241006,157.370478309659,159.827756819383,0,0.911,1.0
2015-10-30,192.06,193.05,177.5,177.5,0,174.114718959348,175.012217510685,160.915144305343,160.915144305343,0,0.0,1.0
2015-11-30,192.61,194.87,187.09,194.33,0,174.613329265646,176.662164342435,169.609094918798,176.17261967807,0,0.0,1.0
2015-12-31,188.48,194.68,184.84,194.68,0,171.832461553587,176.489917145714,168.513965373329,176.489917145714,0,1.042,1.0
2016-01-29,179.1,186.01,171.61,185.64,0,163.280952165998,169.58062485984,156.452508102775,169.243305193165,0,0.0,1.0
2016-02-29,178.84,180.61,169.09,179.03,0,163.043916724551,164.657581075941,154.155087670288,163.217134931763,0,0.0,1.0
2016-03-31,189.99,190.37,183.11,183.11,0,174.090855532195,174.439055569578,166.936768012931,166.936768012931,0,0.962,1.0
2016-04-29,190.7,194.1,188.45,191.19,0,174.741439812567,177.85691383125,172.67972906491,175.190434597613,0,0.0,1.0
2016-05-31,194.1,194.28,188.72,192.19,0,177.85691383125,178.021850691062,172.927134354629,176.106750485461,0,0.0,1.0
2016-06-30,193.67,196.25,184.53,194.35,0,178.301494467774,179.826992990122,169.886790799495,178.085992803212,0,0.908,1.0
2016-07-29,200.79,200.89,192.76,194.08,0,184.856493386607,184.948557978164,177.463706684608,178.678959293156,0,0.0,1.0
2016-08-31,201.05,202.59,199.26,200.53,0,185.095861324655,186.513656034627,183.447905135791,184.61712544856,0,0.0,1.0
2016-09-30,200.21,202.52,196.18,201.04,0,185.111004902989,186.449210820538,181.384930532283,185.086654865499,0,0.852,1.0
2016-10-31,196.54,199.92,196.52,199.58,0,181.717780848277,184.842875481772,181.699289164055,184.52851685,0,0.0,1.0
2016-11-30,203.81,205.04,192.86,195.21,0,188.439508062925,189.57674664257,178.315310951454,180.488083847523,0,0.0,1.0
2016-12-30,206.57,210.7,203.1,203.1,0,192.137857211483,194.809893277358,187.783053273049,187.783053273049,0,1.254,1.0
2017-01-31,210.46,212.24,208.33,208.33,0,195.756079918326,197.411719100378,193.774893706096,193.774893706096,0,0.0,1.0
2017-02-28,218.8,219.36,210.57,210.57,0,203.513400580299,204.034275828585,195.85839469924,195.85839469924,0,0.0,1.0
2017-03-31,218.05,221.83,216.06,221.83,0,203.717015798058,206.331707727275,201.857823587839,206.331707727275,0,0.961,1.0
2017-04-28,220.27,220.69,215.11,217.7,0,205.79108952001,206.183481845785,200.970269517634,203.390022193245,0,0.0,1.0
2017-05-31,223.34,223.65,218.13,220.65,0,208.659290567935,208.948913475054,203.791757193443,206.146111148092,0,0.0,1.0
2017-06-30,223.75,227.41,223.32,225.06,0,209.935405265838,212.461759058181,209.531953984209,210.266230568727,0,0.96,1.0
2017-07-31,228.32,228.99,222.63,224.28,0,214.22324795663,214.851881348935,208.884555416015,210.432682426914,0,0.0,1.0
2017-08-31,228.99,229.39,224.56,228.88,0,214.851881348935,215.227184866728,210.69539488937,214.748672881542,0,0.0,1.0
2017-09-29,232.57,232.57,227.74,229.47,0,219.275866193916,219.275866193916,213.67905785583,215.302245570287,0,1.129,1.0
2017-10-31,237.96,238.48,233.47,233.47,0,224.357763767917,224.848039600659,220.124420519816,220.124420519816,0,0.0,1.0
2017-11-30,245.24,245.24,237.28,238.34,0,231.221625426306,231.221625426306,223.716633832792,224.716042261074,0,0.0,1.0
2017-12-29,246.82,249.36,243.57,244.75,0,233.769660763411,235.106118562648,229.647085732692,230.759634737761,0,1.1262,1.0
2018-01-31,260.92,265.42,248.88,248.88,0,247.124138588402,251.386205979356,235.720740502382,235.720740502382,0,0.0,1.0
2018-02-28,251.27,260.8,238.61,260.8,0,237.984371850022,247.010483457976,225.993755590137,247.010483457976,0,0.0,1.0
2018-03-30,243.81,258.17,238.91,247.97,0,231.912136185665,244.519541849485,227.251254895686,234.858855763322,0,1.0277,1.0
2018-04-30,244.72,250.26,238.36,238.36,0,232.777728425232,238.047377883698,226.728094750892,226.728094750892,0,0.0,1.0
2018-05-31,250.58,253.03,243.05,245.34,0,238.351761967942,240.682202612931,231.189223985586,233.367472588454,0,0.0,1.0
2018-06-29,250.99,258.24,249.21,253.32,0,239.793919191651,245.637955984521,238.093320856414,240.958050689277,0,1.0983,1.0
2018-07-31,260.3,263.02,250.52,251.76,0,248.688621720334,251.287288839348,239.344884799762,240.529571280489,0,0.0,1.0
2018-08-31,268.75,269.83,260.02,260.02,0,256.761686851094,257.793510560114,248.421111869847,248.421111869847,0,0.0,1.0
2018-09-28,269.09,271.72,266.1,268.32,0,258.185045077813,259.5992020509,254.229897194702,256.350868152132,0,1.1502,1.0
2018-10-31,250.66,270.16,244.12,270.07,0,240.501926490039,259.211682999078,234.226961999315,259.125330276729,0,0.0,1.0
2018-11-30,255.74,260.16,243.78,253.31,0,245.376057929317,249.616936071366,233.900740603773,243.044534425883,0,0.0,1.0
2018-12-31,231.44,258.54,216.98,258.54,0,223.19371448685,248.062587069076,209.24892917973,248.062587069076,0,1.2238,1.0
2019-01-31,249.96,249.96,226.05,231.73,0,241.053840620174,241.053840620174,217.995762010683,223.473381688722,0,0.0,1.0
2019-02-28,257.96,258.92,250.21,250.21,0,248.768797913187,249.694592788348,241.294933035581,241.294933035581,0,0.0,1.0
2019-03-29,261.56,263.37,254.23,259.75,0,253.586547361524,255.341370922942,245.17169907532,250.495019607498,0,1.3902,1.0
2019-04-30,272.13,272.13,264.59,264.59,0,263.83432915389,263.83432915389,256.524180174284,256.524180174284,0,0.0,1.0
2019-05-31,254.81,272.15,254.81,270.09,0,247.042315847951,263.853719469486,247.042315847951,261.856516963121,0,0.0,1.0
2019-06-28,271.41,273.83,254.11,254.11,0,264.416617193056,265.482505979531,246.363654802098,246.363654802098,0,1.3078,1.0
2019-07-31,275.28,279.45,273.5,273.5,0,268.186899454348,272.249451658375,266.452764460782,266.452764460782,0,0.0,1.0
2019-08-30,270.9,272.83,262.7,272.83,0,263.919758290405,265.800028255339,255.931046522294,265.800028255339,0,0.0,1.0
2019-09-30,274.71,278.79,269.05,269.05,0,268.825627704799,271.606457784356,262.117426976868,262.117426976868,0,1.2287,1.0
2019-10-31,280.63,281.47,266.5,271.36,0,274.618819492547,275.440826435403,260.791488418073,265.547385730313,0,0.0,1.0
2019-11-29,290.79,291.9,283.37,283.37,0,284.561189182332,285.647412642535,277.300127853769,277.300127853769,0,0.0,1.0
2019-12-31,298.16,298.96,286.38,288.29,0,293.113585881863,293.900045731291,280.245652732337,282.114739947641,0,1.3651,1.0
2020-01-31,298.01,307.51,298.01,300.69,0,292.966124660095,302.305335372054,292.966124660095,295.600765155679,0,0.0,1.0
2020-02-28,273.45,313.25,273.45,300.17,0,268.821807282651,307.948184791701,268.821807282651,295.089566253551,0,0.0,1.0
2020-03-31,238.57,289.74,206.44,286.03,0,235.562924921547,284.836095966632,203.837910134569,281.188888414909,0,1.1129,1.0
2020-04-30,269.14,271.63,228.04,228.04,0,265.747602856122,268.206217447457,225.165651167831,225.165651167831,0,0.0,1.0
2020-05-29,281.94,281.94,260.84,261.61,0,278.386264209167,278.386264209167,257.552220885008,258.312515357027,0,0.0,1.0
2020-06-30,286.12,299.47,277.65,283.0,0,283.891905497687,295.695305890328,274.683531390892,279.432903352466,0,1.3546,1.0
2020-07-31,302.22,302.56,287.56,287.56,0,299.866530405113,300.203882732351,285.320691824811,285.320691824811,0,0.0,1.0
2020-08-31,324.59,324.59,304.4,304.4,0,322.062329111891,322.062329111891,302.029554150342,302.029554150342,0,0.0,1.0
2020-09-30,310.33,331.4,299.82,326.35,0,309.140926666881,328.819297783914,297.485219859907,323.808623511709,0,1.2328,1.0
2020-10-30,302.04,326.31,302.04,312.0,0,300.882690975622,325.05969703435,300.882690975622,310.804527825434,0,0.0,1.0
2020-11-30,335.07,336.56,305.76,305.76,0,333.786131854064,335.270422708103,304.588437268925,304.588437268925,0,0.0,1.0
2020-12-31,346.6,346.6,337.69,338.85,0,346.6,346.6,336.396092953111,337.551648248873,0,1.311,1.0
2021-01-29,349.77,356.02,341.5,341.5,0,349.77,356.02,341.5,341.5,0,0.0,1.0
