event_date,composite_figi,open,high,low,close,adj_close,split_factor,dividend
2019-01-02,PVGG06TNP6J8,2.4200,2.4200,2.4200,2.4200,2.4200,1.000000,0.0000
2019-01-03,PVGG06TNP6J8,2.4100,2.4100,2.4100,2.4100,2.4100,1.000000,0.0000
2019-01-04,PVGG06TNP6J8,2.4200,2.4200,2.4200,2.4200,2.4200,1.000000,0.0000
2019-01-07,PVGG06TNP6J8,2.4500,2.4500,2.4500,2.4500,2.4500,1.000000,0.0000
2019-01-08,PVGG06TNP6J8,2.4600,2.4600,2.4600,2.4600,2.4600,1.000000,0.0000
2019-01-09,PVGG06TNP6J8,2.4500,2.4500,2.4500,2.4500,2.4500,1.000000,0.0000
2019-01-10,PVGG06TNP6J8,2.4300,2.4300,2.4300,2.4300,2.4300,1.000000,0.0000
2019-01-11,PVGG06TNP6J8,2.4300,2.4300,2.4300,2.4300,2.4300,1.000000,0.0000
2019-01-14,PVGG06TNP6J8,2.4500,2.4500,2.4500,2.4500,2.4500,1.000000,0.0000
2019-01-15,PVGG06TNP6J8,2.4500,2.4500,2.4500,2.4500,2.4500,1.000000,0.0000
2019-01-16,PVGG06TNP6J8,2.4300,2.4300,2.4300,2.4300,2.4300,1.000000,0.0000
2019-01-17,PVGG06TNP6J8,2.4200,2.4200,2.4200,2.4200,2.4200,1.000000,0.0000
2019-01-18,PVGG06TNP6J8,2.4100,2.4100,2.4100,2.4100,2.4100,1.000000,0.0000
2019-01-22,PVGG06TNP6J8,2.4300,2.4300,2.4300,2.4300,2.4300,1.000000,0.0000
2019-01-23,PVGG06TNP6J8,2.4100,2.4100,2.4100,2.4100,2.4100,1.000000,0.0000
2019-01-24,PVGG06TNP6J8,2.3700,2.3700,2.3700,2.3700,2.3700,1.000000,0.0000
2019-01-25,PVGG06TNP6J8,2.3900,2.3900,2.3900,2.3900,2.3900,1.000000,0.0000
2019-01-28,PVGG06TNP6J8,2.4200,2.4200,2.4200,2.4200,2.4200,1.000000,0.0000
2019-01-29,PVGG06TNP6J8,2.4200,2.4200,2.4200,2.4200,2.4200,1.000000,0.0000
2019-01-30,PVGG06TNP6J8,2.4200,2.4200,2.4200,2.4200,2.4200,1.000000,0.0000
2019-01-31,PVGG06TNP6J8,2.4100,2.4100,2.4100,2.4100,2.4100,1.000000,0.0000
2019-02-01,PVGG06TNP6J8,2.4000,2.4000,2.4000,2.4000,2.4000,1.000000,0.0000
2019-02-04,PVGG06TNP6J8,2.4200,2.4200,2.4200,2.4200,2.4200,1.000000,0.0000
2019-02-05,PVGG06TNP6J8,2.4200,2.4200,2.4200,2.4200,2.4200,1.000000,0.0000
2019-02-06,PVGG06TNP6J8,2.4200,2.4200,2.4200,2.4200,2.4200,1.000000,0.0000
2019-02-07,PVGG06TNP6J8,2.4200,2.4200,2.4200,2.4200,2.4200,1.000000,0.0000
2019-02-08,PVGG06TNP6J8,2.4300,2.4300,2.4300,2.4300,2.4300,1.000000,0.0000
2019-02-11,PVGG06TNP6J8,2.4500,2.4500,2.4500,2.4500,2.4500,1.000000,0.0000
2019-02-12,PVGG06TNP6J8,2.4300,2.4300,2.4300,2.4300,2.4300,1.000000,0.0000
2019-02-13,PVGG06TNP6J8,2.4400,2.4400,2.4400,2.4400,2.4400,1.000000,0.0000
2019-02-14,PVGG06TNP6J8,2.4300,2.4300,2.4300,2.4300,2.4300,1.000000,0.0000
2019-02-15,PVGG06TNP6J8,2.4300,2.4300,2.4300,2.4300,2.4300,1.000000,0.0000
2019-02-19,PVGG06TNP6J8,2.4500,2.4500,2.4500,2.4500,2.4500,1.000000,0.0000
2019-02-20,PVGG06TNP6J8,2.4500,2.4500,2.4500,2.4500,2.4500,1.000000,0.0000
2019-02-21,PVGG06TNP6J8,2.4500,2.4500,2.4500,2.4500,2.4500,1.000000,0.0000
2019-02-22,PVGG06TNP6J8,2.4600,2.4600,2.4600,2.4600,2.4600,1.000000,0.0000
2019-02-25,PVGG06TNP6J8,2.4700,2.4700,2.4700,2.4700,2.4700,1.000000,0.0000
2019-02-26,PVGG06TNP6J8,2.4500,2.4500,2.4500,2.4500,2.4500,1.000000,0.0000
2019-02-27,PVGG06TNP6J8,2.4500,2.4500,2.4500,2.4500,2.4500,1.000000,0.0000
2019-02-28,PVGG06TNP6J8,2.4500,2.4500,2.4500,2.4500,2.4500,1.000000,0.0000
2019-03-01,PVGG06TNP6J8,2.4400,2.4400,2.4400,2.4400,2.4400,1.000000,0.0000
2019-03-04,PVGG06TNP6J8,2.4600,2.4600,2.4600,2.4600,2.4600,1.000000,0.0000
2019-03-05,PVGG06TNP6J8,2.4600,2.4600,2.4600,2.4600,2.4600,1.000000,0.0000
2019-03-06,PVGG06TNP6J8,2.4700,2.4700,2.4700,2.4700,2.4700,1.000000,0.0000
2019-03-07,PVGG06TNP6J8,2.4500,2.4500,2.4500,2.4500,2.4500,1.000000,0.0000
2019-03-08,PVGG06TNP6J8,2.4600,2.4600,2.4600,2.4600,2.4600,1.000000,0.0000
2019-03-11,PVGG06TNP6J8,2.4600,2.4600,2.4600,2.4600,2.4600,1.000000,0.0000
2019-03-12,PVGG06TNP6J8,2.4600,2.4600,2.4600,2.4600,2.4600,1.000000,0.0000
2019-03-13,PVGG06TNP6J8,2.4500,2.4500,2.4500,2.4500,2.4500,1.000000,0.0000
2019-03-14,PVGG06TNP6J8,2.4500,2.4500,2.4500,2.4500,2.4500,1.000000,0.0000
2019-03-15,PVGG06TNP6J8,2.4500,2.4500,2.4500,2.4500,2.4500,1.000000,0.0000
2019-03-18,PVGG06TNP6J8,2.4400,2.4400,2.4400,2.4400,2.4400,1.000000,0.0000
2019-03-19,PVGG06TNP6J8,2.4600,2.4600,2.4600,2.4600,2.4600,1.000000,0.0000
2019-03-20,PVGG06TNP6J8,2.4800,2.4800,2.4800,2.4800,2.4800,1.000000,0.0000
2019-03-21,PVGG06TNP6J8,2.4900,2.4900,2.4900,2.4900,2.4900,1.000000,0.0000
2019-03-22,PVGG06TNP6J8,2.4600,2.4600,2.4600,2.4600,2.4600,1.000000,0.0000
2019-03-25,PVGG06TNP6J8,2.4600,2.4600,2.4600,2.4600,2.4600,1.000000,0.0000
2019-03-26,PVGG06TNP6J8,2.4600,2.4600,2.4600,2.4600,2.4600,1.000000,0.0000
2019-03-27,PVGG06TNP6J8,2.4400,2.4400,2.4400,2.4400,2.4400,1.000000,0.0000
2019-03-28,PVGG06TNP6J8,2.4300,2.4300,2.4300,2.4300,2.4300,1.000000,0.0000
2019-03-29,PVGG06TNP6J8,2.4000,2.4000,2.4000,2.4000,2.4000,1.000000,0.0000
2019-04-01,PVGG06TNP6J8,2.4300,2.4300,2.4300,2.4300,2.4300,1.000000,0.0000
2019-04-02,PVGG06TNP6J8,2.4200,2.4200,2.4200,2.4200,2.4200,1.000000,0.0000
2019-04-03,PVGG06TNP6J8,2.4400,2.4400,2.4400,2.4400,2.4400,1.000000,0.0000
2019-04-04,PVGG06TNP6J8,2.4400,2.4400,2.4400,2.4400,2.4400,1.000000,0.0000
2019-04-05,PVGG06TNP6J8,2.4400,2.4400,2.4400,2.4400,2.4400,1.000000,0.0000
2019-04-08,PVGG06TNP6J8,2.4300,2.4300,2.4300,2.4300,2.4300,1.000000,0.0000
2019-04-09,PVGG06TNP6J8,2.4200,2.4200,2.4200,2.4200,2.4200,1.000000,0.0000
2019-04-10,PVGG06TNP6J8,2.4300,2.4300,2.4300,2.4300,2.4300,1.000000,0.0000
2019-04-11,PVGG06TNP6J8,2.4300,2.4300,2.4300,2.4300,2.4300,1.000000,0.0000
2019-04-12,PVGG06TNP6J8,2.4400,2.4400,2.4400,2.4400,2.4400,1.000000,0.0000
2019-04-15,PVGG06TNP6J8,2.4300,2.4300,2.4300,2.4300,2.4300,1.000000,0.0000
2019-04-16,PVGG06TNP6J8,2.4300,2.4300,2.4300,2.4300,2.4300,1.000000,0.0000
2019-04-17,PVGG06TNP6J8,2.4400,2.4400,2.4400,2.4400,2.4400,1.000000,0.0000
2019-04-18,PVGG06TNP6J8,2.4200,2.4200,2.4200,2.4200,2.4200,1.000000,0.0000
2019-04-22,PVGG06TNP6J8,2.4400,2.4400,2.4400,2.4400,2.4400,1.000000,0.0000
2019-04-23,PVGG06TNP6J8,2.4500,2.4500,2.4500,2.4500,2.4500,1.000000,0.0000
2019-04-24,PVGG06TNP6J8,2.4400,2.4400,2.4400,2.4400,2.4400,1.000000,0.0000
2019-04-25,PVGG06TNP6J8,2.4300,2.4300,2.4300,2.4300,2.4300,1.000000,0.0000
2019-04-26,PVGG06TNP6J8,2.4200,2.4200,2.4200,2.4200,2.4200,1.000000,0.0000
2019-04-29,PVGG06TNP6J8,2.4400,2.4400,2.4400,2.4400,2.4400,1.000000,0.0000
2019-04-30,PVGG06TNP6J8,2.4300,2.4300,2.4300,2.4300,2.4300,1.000000,0.0000
2019-05-01,PVGG06TNP6J8,2.4300,2.4300,2.4300,2.4300,2.4300,1.000000,0.0000
2019-05-02,PVGG06TNP6J8,2.4700,2.4700,2.4700,2.4700,2.4700,1.000000,0.0000
2019-05-03,PVGG06TNP6J8,2.4300,2.4300,2.4300,2.4300,2.4300,1.000000,0.0000
2019-05-06,PVGG06TNP6J8,2.4400,2.4400,2.4400,2.4400,2.4400,1.000000,0.0000
2019-05-07,PVGG06TNP6J8,2.4300,2.4300,2.4300,2.4300,2.4300,1.000000,0.0000
2019-05-08,PVGG06TNP6J8,2.4300,2.4300,2.4300,2.4300,2.4300,1.000000,0.0000
2019-05-09,PVGG06TNP6J8,2.4300,2.4300,2.4300,2.4300,2.4300,1.000000,0.0000
2019-05-10,PVGG06TNP6J8,2.4300,2.4300,2.4300,2.4300,2.4300,1.000000,0.0000
2019-05-13,PVGG06TNP6J8,2.4100,2.4100,2.4100,2.4100,2.4100,1.000000,0.0000
2019-05-14,PVGG06TNP6J8,2.4100,2.4100,2.4100,2.4100,2.4100,1.000000,0.0000
2019-05-15,PVGG06TNP6J8,2.4200,2.4200,2.4200,2.4200,2.4200,1.000000,0.0000
2019-05-16,PVGG06TNP6J8,2.4000,2.4000,2.4000,2.4000,2.4000,1.000000,0.0000
2019-05-17,PVGG06TNP6J8,2.3900,2.3900,2.3900,2.3900,2.3900,1.000000,0.0000
2019-05-20,PVGG06TNP6J8,2.3900,2.3900,2.3900,2.3900,2.3900,1.000000,0.0000
2019-05-21,PVGG06TNP6J8,2.3900,2.3900,2.3900,2.3900,2.3900,1.000000,0.0000
2019-05-22,PVGG06TNP6J8,2.3800,2.3800,2.3800,2.3800,2.3800,1.000000,0.0000
2019-05-23,PVGG06TNP6J8,2.3700,2.3700,2.3700,2.3700,2.3700,1.000000,0.0000
2019-05-24,PVGG06TNP6J8,2.3500,2.3500,2.3500,2.3500,2.3500,1.000000,0.0000
2019-05-28,PVGG06TNP6J8,2.3700,2.3700,2.3700,2.3700,2.3700,1.000000,0.0000
2019-05-29,PVGG06TNP6J8,2.3700,2.3700,2.3700,2.3700,2.3700,1.000000,0.0000
2019-05-30,PVGG06TNP6J8,2.3800,2.3800,2.3800,2.3800,2.3800,1.000000,0.0000
2019-05-31,PVGG06TNP6J8,2.3500,2.3500,2.3500,2.3500,2.3500,1.000000,0.0000
2019-06-03,PVGG06TNP6J8,2.3500,2.3500,2.3500,2.3500,2.3500,1.000000,0.0000
2019-06-04,PVGG06TNP6J8,2.3500,2.3500,2.3500,2.3500,2.3500,1.000000,0.0000
2019-06-05,PVGG06TNP6J8,2.3500,2.3500,2.3500,2.3500,2.3500,1.000000,0.0000
2019-06-06,PVGG06TNP6J8,2.3300,2.3300,2.3300,2.3300,2.3300,1.000000,0.0000
2019-06-07,PVGG06TNP6J8,2.2800,2.2800,2.2800,2.2800,2.2800,1.000000,0.0000
2019-06-10,PVGG06TNP6J8,2.2900,2.2900,2.2900,2.2900,2.2900,1.000000,0.0000
2019-06-11,PVGG06TNP6J8,2.2700,2.2700,2.2700,2.2700,2.2700,1.000000,0.0000
2019-06-12,PVGG06TNP6J8,2.2400,2.2400,2.2400,2.2400,2.2400,1.000000,0.0000
2019-06-13,PVGG06TNP6J8,2.1900,2.1900,2.1900,2.1900,2.1900,1.000000,0.0000
2019-06-14,PVGG06TNP6J8,2.2000,2.2000,2.2000,2.2000,2.2000,1.000000,0.0000
2019-06-17,PVGG06TNP6J8,2.2300,2.2300,2.2300,2.2300,2.2300,1.000000,0.0000
2019-06-18,PVGG06TNP6J8,2.2200,2.2200,2.2200,2.2200,2.2200,1.000000,0.0000
2019-06-19,PVGG06TNP6J8,2.1800,2.1800,2.1800,2.1800,2.1800,1.000000,0.0000
2019-06-20,PVGG06TNP6J8,2.1400,2.1400,2.1400,2.1400,2.1400,1.000000,0.0000
2019-06-21,PVGG06TNP6J8,2.1100,2.1100,2.1100,2.1100,2.1100,1.000000,0.0000
2019-06-24,PVGG06TNP6J8,2.1300,2.1300,2.1300,2.1300,2.1300,1.000000,0.0000
2019-06-25,PVGG06TNP6J8,2.1200,2.1200,2.1200,2.1200,2.1200,1.000000,0.0000
2019-06-26,PVGG06TNP6J8,2.1500,2.1500,2.1500,2.1500,2.1500,1.000000,0.0000
2019-06-27,PVGG06TNP6J8,2.1400,2.1400,2.1400,2.1400,2.1400,1.000000,0.0000
2019-06-28,PVGG06TNP6J8,2.1200,2.1200,2.1200,2.1200,2.1200,1.000000,0.0000
2019-07-01,PVGG06TNP6J8,2.2100,2.2100,2.2100,2.2100,2.2100,1.000000,0.0000
2019-07-02,PVGG06TNP6J8,2.2000,2.2000,2.2000,2.2000,2.2000,1.000000,0.0000
2019-07-03,PVGG06TNP6J8,2.2100,2.2100,2.2100,2.2100,2.2100,1.000000,0.0000
2019-07-05,PVGG06TNP6J8,2.2300,2.2300,2.2300,2.2300,2.2300,1.000000,0.0000
2019-07-08,PVGG06TNP6J8,2.2600,2.2600,2.2600,2.2600,2.2600,1.000000,0.0000
2019-07-09,PVGG06TNP6J8,2.2600,2.2600,2.2600,2.2600,2.2600,1.000000,0.0000
2019-07-10,PVGG06TNP6J8,2.2000,2.2000,2.2000,2.2000,2.2000,1.000000,0.0000
2019-07-11,PVGG06TNP6J8,2.1700,2.1700,2.1700,2.1700,2.1700,1.000000,0.0000
2019-07-12,PVGG06TNP6J8,2.1400,2.1400,2.1400,2.1400,2.1400,1.000000,0.0000
2019-07-15,PVGG06TNP6J8,2.1600,2.1600,2.1600,2.1600,2.1600,1.000000,0.0000
2019-07-16,PVGG06TNP6J8,2.1500,2.1500,2.1500,2.1500,2.1500,1.000000,0.0000
2019-07-17,PVGG06TNP6J8,2.1400,2.1400,2.1400,2.1400,2.1400,1.000000,0.0000
2019-07-18,PVGG06TNP6J8,2.0500,2.0500,2.0500,2.0500,2.0500,1.000000,0.0000
2019-07-19,PVGG06TNP6J8,2.0600,2.0600,2.0600,2.0600,2.0600,1.000000,0.0000
2019-07-22,PVGG06TNP6J8,2.0900,2.0900,2.0900,2.0900,2.0900,1.000000,0.0000
2019-07-23,PVGG06TNP6J8,2.0600,2.0600,2.0600,2.0600,2.0600,1.000000,0.0000
2019-07-24,PVGG06TNP6J8,2.1000,2.1000,2.1000,2.1000,2.1000,1.000000,0.0000
2019-07-25,PVGG06TNP6J8,2.1000,2.1000,2.1000,2.1000,2.1000,1.000000,0.0000
2019-07-26,PVGG06TNP6J8,2.1200,2.1200,2.1200,2.1200,2.1200,1.000000,0.0000
2019-07-29,PVGG06TNP6J8,2.1200,2.1200,2.1200,2.1200,2.1200,1.000000,0.0000
2019-07-30,PVGG06TNP6J8,2.0800,2.0800,2.0800,2.0800,2.0800,1.000000,0.0000
2019-07-31,PVGG06TNP6J8,2.0800,2.0800,2.0800,2.0800,2.0800,1.000000,0.0000
2019-08-01,PVGG06TNP6J8,2.0700,2.0700,2.0700,2.0700,2.0700,1.000000,0.0000
2019-08-02,PVGG06TNP6J8,2.0600,2.0600,2.0600,2.0600,2.0600,1.000000,0.0000
2019-08-05,PVGG06TNP6J8,2.0500,2.0500,2.0500,2.0500,2.0500,1.000000,0.0000
2019-08-06,PVGG06TNP6J8,2.0500,2.0500,2.0500,2.0500,2.0500,1.000000,0.0000
2019-08-07,PVGG06TNP6J8,2.0200,2.0200,2.0200,2.0200,2.0200,1.000000,0.0000
2019-08-08,PVGG06TNP6J8,2.0200,2.0200,2.0200,2.0200,2.0200,1.000000,0.0000
2019-08-09,PVGG06TNP6J8,2.0000,2.0000,2.0000,2.0000,2.0000,1.000000,0.0000
2019-08-12,PVGG06TNP6J8,2.0000,2.0000,2.0000,2.0000,2.0000,1.000000,0.0000
2019-08-13,PVGG06TNP6J8,2.0000,2.0000,2.0000,2.0000,2.0000,1.000000,0.0000
2019-08-14,PVGG06TNP6J8,1.9600,1.9600,1.9600,1.9600,1.9600,1.000000,0.0000
2019-08-15,PVGG06TNP6J8,1.9100,1.9100,1.9100,1.9100,1.9100,1.000000,0.0000
2019-08-16,PVGG06TNP6J8,1.8700,1.8700,1.8700,1.8700,1.8700,1.000000,0.0000
2019-08-19,PVGG06TNP6J8,1.9400,1.9400,1.9400,1.9400,1.9400,1.000000,0.0000
2019-08-20,PVGG06TNP6J8,1.9400,1.9400,1.9400,1.9400,1.9400,1.000000,0.0000
2019-08-21,PVGG06TNP6J8,1.9700,1.9700,1.9700,1.9700,1.9700,1.000000,0.0000
2019-08-22,PVGG06TNP6J8,2.0000,2.0000,2.0000,2.0000,2.0000,1.000000,0.0000
2019-08-23,PVGG06TNP6J8,1.9700,1.9700,1.9700,1.9700,1.9700,1.000000,0.0000
2019-08-26,PVGG06TNP6J8,2.0100,2.0100,2.0100,2.0100,2.0100,1.000000,0.0000
2019-08-27,PVGG06TNP6J8,1.9800,1.9800,1.9800,1.9800,1.9800,1.000000,0.0000
2019-08-28,PVGG06TNP6J8,1.9900,1.9900,1.9900,1.9900,1.9900,1.000000,0.0000
2019-08-29,PVGG06TNP6J8,1.9900,1.9900,1.9900,1.9900,1.9900,1.000000,0.0000
2019-08-30,PVGG06TNP6J8,1.9900,1.9900,1.9900,1.9900,1.9900,1.000000,0.0000
2019-09-03,PVGG06TNP6J8,1.9800,1.9800,1.9800,1.9800,1.9800,1.000000,0.0000
2019-09-04,PVGG06TNP6J8,1.9700,1.9700,1.9700,1.9700,1.9700,1.000000,0.0000
2019-09-05,PVGG06TNP6J8,1.9700,1.9700,1.9700,1.9700,1.9700,1.000000,0.0000
2019-09-06,PVGG06TNP6J8,1.9600,1.9600,1.9600,1.9600,1.9600,1.000000,0.0000
2019-09-09,PVGG06TNP6J8,1.9600,1.9600,1.9600,1.9600,1.9600,1.000000,0.0000
2019-09-10,PVGG06TNP6J8,1.9500,1.9500,1.9500,1.9500,1.9500,1.000000,0.0000
2019-09-11,PVGG06TNP6J8,1.9600,1.9600,1.9600,1.9600,1.9600,1.000000,0.0000
2019-09-12,PVGG06TNP6J8,1.9500,1.9500,1.9500,1.9500,1.9500,1.000000,0.0000
2019-09-13,PVGG06TNP6J8,1.9600,1.9600,1.9600,1.9600,1.9600,1.000000,0.0000
2019-09-16,PVGG06TNP6J8,1.9900,1.9900,1.9900,1.9900,1.9900,1.000000,0.0000
2019-09-17,PVGG06TNP6J8,1.9900,1.9900,1.9900,1.9900,1.9900,1.000000,0.0000
2019-09-18,PVGG06TNP6J8,1.9500,1.9500,1.9500,1.9500,1.9500,1.000000,0.0000
2019-09-19,PVGG06TNP6J8,1.9300,1.9300,1.9300,1.9300,1.9300,1.000000,0.0000
2019-09-20,PVGG06TNP6J8,1.9100,1.9100,1.9100,1.9100,1.9100,1.000000,0.0000
2019-09-23,PVGG06TNP6J8,1.9400,1.9400,1.9400,1.9400,1.9400,1.000000,0.0000
2019-09-24,PVGG06TNP6J8,1.9200,1.9200,1.9200,1.9200,1.9200,1.000000,0.0000
2019-09-25,PVGG06TNP6J8,1.8900,1.8900,1.8900,1.8900,1.8900,1.000000,0.0000
2019-09-26,PVGG06TNP6J8,1.8300,1.8300,1.8300,1.8300,1.8300,1.000000,0.0000
2019-09-27,PVGG06TNP6J8,1.8000,1.8000,1.8000,1.8000,1.8000,1.000000,0.0000
2019-09-30,PVGG06TNP6J8,1.8800,1.8800,1.8800,1.8800,1.8800,1.000000,0.0000
2019-10-01,PVGG06TNP6J8,1.8200,1.8200,1.8200,1.8200,1.8200,1.000000,0.0000
2019-10-02,PVGG06TNP6J8,1.7900,1.7900,1.7900,1.7900,1.7900,1.000000,0.0000
2019-10-03,PVGG06TNP6J8,1.7000,1.7000,1.7000,1.7000,1.7000,1.000000,0.0000
2019-10-04,PVGG06TNP6J8,1.7100,1.7100,1.7100,1.7100,1.7100,1.000000,0.0000
2019-10-07,PVGG06TNP6J8,1.7500,1.7500,1.7500,1.7500,1.7500,1.000000,0.0000
2019-10-08,PVGG06TNP6J8,1.7200,1.7200,1.7200,1.7200,1.7200,1.000000,0.0000
2019-10-09,PVGG06TNP6J8,1.6900,1.6900,1.6900,1.6900,1.6900,1.000000,0.0000
2019-10-10,PVGG06TNP6J8,1.6800,1.6800,1.6800,1.6800,1.6800,1.000000,0.0000
2019-10-11,PVGG06TNP6J8,1.6800,1.6800,1.6800,1.6800,1.6800,1.000000,0.0000
2019-10-14,PVGG06TNP6J8,1.6800,1.6800,1.6800,1.6800,1.6800,1.000000,0.0000
2019-10-15,PVGG06TNP6J8,1.6700,1.6700,1.6700,1.6700,1.6700,1.000000,0.0000
2019-10-16,PVGG06TNP6J8,1.6600,1.6600,1.6600,1.6600,1.6600,1.000000,0.0000
2019-10-17,PVGG06TNP6J8,1.6600,1.6600,1.6600,1.6600,1.6600,1.000000,0.0000
2019-10-18,PVGG06TNP6J8,1.6600,1.6600,1.6600,1.6600,1.6600,1.000000,0.0000
2019-10-21,PVGG06TNP6J8,1.6700,1.6700,1.6700,1.6700,1.6700,1.000000,0.0000
2019-10-22,PVGG06TNP6J8,1.6500,1.6500,1.6500,1.6500,1.6500,1.000000,0.0000
2019-10-23,PVGG06TNP6J8,1.6500,1.6500,1.6500,1.6500,1.6500,1.000000,0.0000
2019-10-24,PVGG06TNP6J8,1.6700,1.6700,1.6700,1.6700,1.6700,1.000000,0.0000
2019-10-25,PVGG06TNP6J8,1.6600,1.6600,1.6600,1.6600,1.6600,1.000000,0.0000
2019-10-28,PVGG06TNP6J8,1.6500,1.6500,1.6500,1.6500,1.6500,1.000000,0.0000
2019-10-29,PVGG06TNP6J8,1.6300,1.6300,1.6300,1.6300,1.6300,1.000000,0.0000
2019-10-30,PVGG06TNP6J8,1.6200,1.6200,1.6200,1.6200,1.6200,1.000000,0.0000
2019-10-31,PVGG06TNP6J8,1.5400,1.5400,1.5400,1.5400,1.5400,1.000000,0.0000
2019-11-01,PVGG06TNP6J8,1.5200,1.5200,1.5200,1.5200,1.5200,1.000000,0.0000
2019-11-04,PVGG06TNP6J8,1.5300,1.5300,1.5300,1.5300,1.5300,1.000000,0.0000
2019-11-05,PVGG06TNP6J8,1.5600,1.5600,1.5600,1.5600,1.5600,1.000000,0.0000
2019-11-06,PVGG06TNP6J8,1.5600,1.5600,1.5600,1.5600,1.5600,1.000000,0.0000
2019-11-07,PVGG06TNP6J8,1.5600,1.5600,1.5600,1.5600,1.5600,1.000000,0.0000
2019-11-08,PVGG06TNP6J8,1.5500,1.5500,1.5500,1.5500,1.5500,1.000000,0.0000
2019-11-11,PVGG06TNP6J8,1.5500,1.5500,1.5500,1.5500,1.5500,1.000000,0.0000
2019-11-12,PVGG06TNP6J8,1.5900,1.5900,1.5900,1.5900,1.5900,1.000000,0.0000
2019-11-13,PVGG06TNP6J8,1.5700,1.5700,1.5700,1.5700,1.5700,1.000000,0.0000
2019-11-14,PVGG06TNP6J8,1.5700,1.5700,1.5700,1.5700,1.5700,1.000000,0.0000
2019-11-15,PVGG06TNP6J8,1.5700,1.5700,1.5700,1.5700,1.5700,1.000000,0.0000
2019-11-18,PVGG06TNP6J8,1.5700,1.5700,1.5700,1.5700,1.5700,1.000000,0.0000
2019-11-19,PVGG06TNP6J8,1.5700,1.5700,1.5700,1.5700,1.5700,1.000000,0.0000
2019-11-20,PVGG06TNP6J8,1.5700,1.5700,1.5700,1.5700,1.5700,1.000000,0.0000
2019-11-21,PVGG06TNP6J8,1.5800,1.5800,1.5800,1.5800,1.5800,1.000000,0.0000
2019-11-22,PVGG06TNP6J8,1.5800,1.5800,1.5800,1.5800,1.5800,1.000000,0.0000
2019-11-25,PVGG06TNP6J8,1.6100,1.6100,1.6100,1.6100,1.6100,1.000000,0.0000
2019-11-26,PVGG06TNP6J8,1.6000,1.6000,1.6000,1.6000,1.6000,1.000000,0.0000
2019-11-27,PVGG06TNP6J8,1.6200,1.6200,1.6200,1.6200,1.6200,1.000000,0.0000
2019-11-29,PVGG06TNP6J8,1.5900,1.5900,1.5900,1.5900,1.5900,1.000000,0.0000
2019-12-02,PVGG06TNP6J8,1.6000,1.6000,1.6000,1.6000,1.6000,1.000000,0.0000
2019-12-03,PVGG06TNP6J8,1.5700,1.5700,1.5700,1.5700,1.5700,1.000000,0.0000
2019-12-04,PVGG06TNP6J8,1.5500,1.5500,1.5500,1.5500,1.5500,1.000000,0.0000
2019-12-05,PVGG06TNP6J8,1.5400,1.5400,1.5400,1.5400,1.5400,1.000000,0.0000
2019-12-06,PVGG06TNP6J8,1.5300,1.5300,1.5300,1.5300,1.5300,1.000000,0.0000
2019-12-09,PVGG06TNP6J8,1.5400,1.5400,1.5400,1.5400,1.5400,1.000000,0.0000
2019-12-10,PVGG06TNP6J8,1.5600,1.5600,1.5600,1.5600,1.5600,1.000000,0.0000
2019-12-11,PVGG06TNP6J8,1.5700,1.5700,1.5700,1.5700,1.5700,1.000000,0.0000
2019-12-12,PVGG06TNP6J8,1.5600,1.5600,1.5600,1.5600,1.5600,1.000000,0.0000
2019-12-13,PVGG06TNP6J8,1.5700,1.5700,1.5700,1.5700,1.5700,1.000000,0.0000
2019-12-16,PVGG06TNP6J8,1.5700,1.5700,1.5700,1.5700,1.5700,1.000000,0.0000
2019-12-17,PVGG06TNP6J8,1.5600,1.5600,1.5600,1.5600,1.5600,1.000000,0.0000
2019-12-18,PVGG06TNP6J8,1.5600,1.5600,1.5600,1.5600,1.5600,1.000000,0.0000
2019-12-19,PVGG06TNP6J8,1.5700,1.5700,1.5700,1.5700,1.5700,1.000000,0.0000
2019-12-20,PVGG06TNP6J8,1.5800,1.5800,1.5800,1.5800,1.5800,1.000000,0.0000
2019-12-23,PVGG06TNP6J8,1.5900,1.5900,1.5900,1.5900,1.5900,1.000000,0.0000
2019-12-24,PVGG06TNP6J8,1.5800,1.5800,1.5800,1.5800,1.5800,1.000000,0.0000
2019-12-26,PVGG06TNP6J8,1.5800,1.5800,1.5800,1.5800,1.5800,1.000000,0.0000
2019-12-27,PVGG06TNP6J8,1.5700,1.5700,1.5700,1.5700,1.5700,1.000000,0.0000
2019-12-30,PVGG06TNP6J8,1.5700,1.5700,1.5700,1.5700,1.5700,1.000000,0.0000
2019-12-31,PVGG06TNP6J8,1.5500,1.5500,1.5500,1.5500,1.5500,1.000000,0.0000
2020-01-02,PVGG06TNP6J8,1.5400,1.5400,1.5400,1.5400,1.5400,1.000000,0.0000
2020-01-03,PVGG06TNP6J8,1.5200,1.5200,1.5200,1.5200,1.5200,1.000000,0.0000
2020-01-06,PVGG06TNP6J8,1.5600,1.5600,1.5600,1.5600,1.5600,1.000000,0.0000
2020-01-07,PVGG06TNP6J8,1.5400,1.5400,1.5400,1.5400,1.5400,1.000000,0.0000
2020-01-08,PVGG06TNP6J8,1.5400,1.5400,1.5400,1.5400,1.5400,1.000000,0.0000
2020-01-09,PVGG06TNP6J8,1.5400,1.5400,1.5400,1.5400,1.5400,1.000000,0.0000
2020-01-10,PVGG06TNP6J8,1.5400,1.5400,1.5400,1.5400,1.5400,1.000000,0.0000
2020-01-13,PVGG06TNP6J8,1.5700,1.5700,1.5700,1.5700,1.5700,1.000000,0.0000
2020-01-14,PVGG06TNP6J8,1.5700,1.5700,1.5700,1.5700,1.5700,1.000000,0.0000
2020-01-15,PVGG06TNP6J8,1.5700,1.5700,1.5700,1.5700,1.5700,1.000000,0.0000
2020-01-16,PVGG06TNP6J8,1.5500,1.5500,1.5500,1.5500,1.5500,1.000000,0.0000
2020-01-17,PVGG06TNP6J8,1.5600,1.5600,1.5600,1.5600,1.5600,1.000000,0.0000
2020-01-21,PVGG06TNP6J8,1.5600,1.5600,1.5600,1.5600,1.5600,1.000000,0.0000
2020-01-22,PVGG06TNP6J8,1.5500,1.5500,1.5500,1.5500,1.5500,1.000000,0.0000
2020-01-23,PVGG06TNP6J8,1.5500,1.5500,1.5500,1.5500,1.5500,1.000000,0.0000
2020-01-24,PVGG06TNP6J8,1.5400,1.5400,1.5400,1.5400,1.5400,1.000000,0.0000
2020-01-27,PVGG06TNP6J8,1.5500,1.5500,1.5500,1.5500,1.5500,1.000000,0.0000
2020-01-28,PVGG06TNP6J8,1.5700,1.5700,1.5700,1.5700,1.5700,1.000000,0.0000
2020-01-29,PVGG06TNP6J8,1.5600,1.5600,1.5600,1.5600,1.5600,1.000000,0.0000
2020-01-30,PVGG06TNP6J8,1.5700,1.5700,1.5700,1.5700,1.5700,1.000000,0.0000
2020-01-31,PVGG06TNP6J8,1.5500,1.5500,1.5500,1.5500,1.5500,1.000000,0.0000
2020-02-03,PVGG06TNP6J8,1.5700,1.5700,1.5700,1.5700,1.5700,1.000000,0.0000
2020-02-04,PVGG06TNP6J8,1.5700,1.5700,1.5700,1.5700,1.5700,1.000000,0.0000
2020-02-05,PVGG06TNP6J8,1.5700,1.5700,1.5700,1.5700,1.5700,1.000000,0.0000
2020-02-06,PVGG06TNP6J8,1.5700,1.5700,1.5700,1.5700,1.5700,1.000000,0.0000
2020-02-07,PVGG06TNP6J8,1.5600,1.5600,1.5600,1.5600,1.5600,1.000000,0.0000
2020-02-10,PVGG06TNP6J8,1.5800,1.5800,1.5800,1.5800,1.5800,1.000000,0.0000
2020-02-11,PVGG06TNP6J8,1.5700,1.5700,1.5700,1.5700,1.5700,1.000000,0.0000
2020-02-12,PVGG06TNP6J8,1.5800,1.5800,1.5800,1.5800,1.5800,1.000000,0.0000
2020-02-13,PVGG06TNP6J8,1.5900,1.5900,1.5900,1.5900,1.5900,1.000000,0.0000
2020-02-14,PVGG06TNP6J8,1.5800,1.5800,1.5800,1.5800,1.5800,1.000000,0.0000
2020-02-18,PVGG06TNP6J8,1.5800,1.5800,1.5800,1.5800,1.5800,1.000000,0.0000
2020-02-19,PVGG06TNP6J8,1.5800,1.5800,1.5800,1.5800,1.5800,1.000000,0.0000
2020-02-20,PVGG06TNP6J8,1.5800,1.5800,1.5800,1.5800,1.5800,1.000000,0.0000
2020-02-21,PVGG06TNP6J8,1.5600,1.5600,1.5600,1.5600,1.5600,1.000000,0.0000
2020-02-24,PVGG06TNP6J8,1.5300,1.5300,1.5300,1.5300,1.5300,1.000000,0.0000
2020-02-25,PVGG06TNP6J8,1.5300,1.5300,1.5300,1.5300,1.5300,1.000000,0.0000
2020-02-26,PVGG06TNP6J8,1.5300,1.5300,1.5300,1.5300,1.5300,1.000000,0.0000
2020-02-27,PVGG06TNP6J8,1.4500,1.4500,1.4500,1.4500,1.4500,1.000000,0.0000
2020-02-28,PVGG06TNP6J8,1.2700,1.2700,1.2700,1.2700,1.2700,1.000000,0.0000
2020-03-02,PVGG06TNP6J8,1.1300,1.1300,1.1300,1.1300,1.1300,1.000000,0.0000
2020-03-03,PVGG06TNP6J8,0.9500,0.9500,0.9500,0.9500,0.9500,1.000000,0.0000
2020-03-04,PVGG06TNP6J8,0.7200,0.7200,0.7200,0.7200,0.7200,1.000000,0.0000
2020-03-05,PVGG06TNP6J8,0.6200,0.6200,0.6200,0.6200,0.6200,1.000000,0.0000
2020-03-06,PVGG06TNP6J8,0.4500,0.4500,0.4500,0.4500,0.4500,1.000000,0.0000
2020-03-09,PVGG06TNP6J8,0.3300,0.3300,0.3300,0.3300,0.3300,1.000000,0.0000
2020-03-10,PVGG06TNP6J8,0.4400,0.4400,0.4400,0.4400,0.4400,1.000000,0.0000
2020-03-11,PVGG06TNP6J8,0.4200,0.4200,0.4200,0.4200,0.4200,1.000000,0.0000
2020-03-12,PVGG06TNP6J8,0.3300,0.3300,0.3300,0.3300,0.3300,1.000000,0.0000
2020-03-13,PVGG06TNP6J8,0.2800,0.2800,0.2800,0.2800,0.2800,1.000000,0.0000
2020-03-16,PVGG06TNP6J8,0.2400,0.2400,0.2400,0.2400,0.2400,1.000000,0.0000
2020-03-17,PVGG06TNP6J8,0.1900,0.1900,0.1900,0.1900,0.1900,1.000000,0.0000
2020-03-18,PVGG06TNP6J8,0.0200,0.0200,0.0200,0.0200,0.0200,1.000000,0.0000
2020-03-19,PVGG06TNP6J8,0.0400,0.0400,0.0400,0.0400,0.0400,1.000000,0.0000
2020-03-20,PVGG06TNP6J8,0.0500,0.0500,0.0500,0.0500,0.0500,1.000000,0.0000
2020-03-23,PVGG06TNP6J8,0.0200,0.0200,0.0200,0.0200,0.0200,1.000000,0.0000
2020-03-24,PVGG06TNP6J8,0.0100,0.0100,0.0100,0.0100,0.0100,1.000000,0.0000
2020-03-25,PVGG06TNP6J8,0.0000,0.0000,0.0000,0.0000,0.0000,1.000000,0.0000
2020-03-26,PVGG06TNP6J8,0.0000,0.0000,0.0000,0.0000,0.0000,1.000000,0.0000
2020-03-27,PVGG06TNP6J8,0.0300,0.0300,0.0300,0.0300,0.0300,1.000000,0.0000
2020-03-30,PVGG06TNP6J8,0.1200,0.1200,0.1200,0.1200,0.1200,1.000000,0.0000
2020-03-31,PVGG06TNP6J8,0.1100,0.1100,0.1100,0.1100,0.1100,1.000000,0.0000
2020-04-01,PVGG06TNP6J8,0.0900,0.0900,0.0900,0.0900,0.0900,1.000000,0.0000
2020-04-02,PVGG06TNP6J8,0.0900,0.0900,0.0900,0.0900,0.0900,1.000000,0.0000
2020-04-03,PVGG06TNP6J8,0.1000,0.1000,0.1000,0.1000,0.1000,1.000000,0.0000
2020-04-06,PVGG06TNP6J8,0.1500,0.1500,0.1500,0.1500,0.1500,1.000000,0.0000
2020-04-07,PVGG06TNP6J8,0.1400,0.1400,0.1400,0.1400,0.1400,1.000000,0.0000
2020-04-08,PVGG06TNP6J8,0.2200,0.2200,0.2200,0.2200,0.2200,1.000000,0.0000
2020-04-09,PVGG06TNP6J8,0.2500,0.2500,0.2500,0.2500,0.2500,1.000000,0.0000
2020-04-13,PVGG06TNP6J8,0.2600,0.2600,0.2600,0.2600,0.2600,1.000000,0.0000
2020-04-14,PVGG06TNP6J8,0.2000,0.2000,0.2000,0.2000,0.2000,1.000000,0.0000
2020-04-15,PVGG06TNP6J8,0.1400,0.1400,0.1400,0.1400,0.1400,1.000000,0.0000
2020-04-16,PVGG06TNP6J8,0.1400,0.1400,0.1400,0.1400,0.1400,1.000000,0.0000
2020-04-17,PVGG06TNP6J8,0.1200,0.1200,0.1200,0.1200,0.1200,1.000000,0.0000
2020-04-20,PVGG06TNP6J8,0.1200,0.1200,0.1200,0.1200,0.1200,1.000000,0.0000
2020-04-21,PVGG06TNP6J8,0.1100,0.1100,0.1100,0.1100,0.1100,1.000000,0.0000
2020-04-22,PVGG06TNP6J8,0.1200,0.1200,0.1200,0.1200,0.1200,1.000000,0.0000
2020-04-23,PVGG06TNP6J8,0.1100,0.1100,0.1100,0.1100,0.1100,1.000000,0.0000
2020-04-24,PVGG06TNP6J8,0.1200,0.1200,0.1200,0.1200,0.1200,1.000000,0.0000
2020-04-27,PVGG06TNP6J8,0.1200,0.1200,0.1200,0.1200,0.1200,1.000000,0.0000
2020-04-28,PVGG06TNP6J8,0.1100,0.1100,0.1100,0.1100,0.1100,1.000000,0.0000
2020-04-29,PVGG06TNP6J8,0.1000,0.1000,0.1000,0.1000,0.1000,1.000000,0.0000
2020-04-30,PVGG06TNP6J8,0.0900,0.0900,0.0900,0.0900,0.0900,1.000000,0.0000
2020-05-01,PVGG06TNP6J8,0.1200,0.1200,0.1200,0.1200,0.1200,1.000000,0.0000
2020-05-04,PVGG06TNP6J8,0.1300,0.1300,0.1300,0.1300,0.1300,1.000000,0.0000
2020-05-05,PVGG06TNP6J8,0.1300,0.1300,0.1300,0.1300,0.1300,1.000000,0.0000
2020-05-06,PVGG06TNP6J8,0.1200,0.1200,0.1200,0.1200,0.1200,1.000000,0.0000
2020-05-07,PVGG06TNP6J8,0.1100,0.1100,0.1100,0.1100,0.1100,1.000000,0.0000
2020-05-08,PVGG06TNP6J8,0.1200,0.1200,0.1200,0.1200,0.1200,1.000000,0.0000
2020-05-11,PVGG06TNP6J8,0.1200,0.1200,0.1200,0.1200,0.1200,1.000000,0.0000
2020-05-12,PVGG06TNP6J8,0.1300,0.1300,0.1300,0.1300,0.1300,1.000000,0.0000
2020-05-13,PVGG06TNP6J8,0.1300,0.1300,0.1300,0.1300,0.1300,1.000000,0.0000
2020-05-14,PVGG06TNP6J8,0.1200,0.1200,0.1200,0.1200,0.1200,1.000000,0.0000
2020-05-15,PVGG06TNP6J8,0.1200,0.1200,0.1200,0.1200,0.1200,1.000000,0.0000
2020-05-18,PVGG06TNP6J8,0.1300,0.1300,0.1300,0.1300,0.1300,1.000000,0.0000
2020-05-19,PVGG06TNP6J8,0.1300,0.1300,0.1300,0.1300,0.1300,1.000000,0.0000
2020-05-20,PVGG06TNP6J8,0.1200,0.1200,0.1200,0.1200,0.1200,1.000000,0.0000
2020-05-21,PVGG06TNP6J8,0.1200,0.1200,0.1200,0.1200,0.1200,1.000000,0.0000
2020-05-22,PVGG06TNP6J8,0.1200,0.1200,0.1200,0.1200,0.1200,1.000000,0.0000
2020-05-26,PVGG06TNP6J8,0.1400,0.1400,0.1400,0.1400,0.1400,1.000000,0.0000
2020-05-27,PVGG06TNP6J8,0.1500,0.1500,0.1500,0.1500,0.1500,1.000000,0.0000
2020-05-28,PVGG06TNP6J8,0.1500,0.1500,0.1500,0.1500,0.1500,1.000000,0.0000
2020-05-29,PVGG06TNP6J8,0.1400,0.1400,0.1400,0.1400,0.1400,1.000000,0.0000
2020-06-01,PVGG06TNP6J8,0.1400,0.1400,0.1400,0.1400,0.1400,1.000000,0.0000
2020-06-02,PVGG06TNP6J8,0.1500,0.1500,0.1500,0.1500,0.1500,1.000000,0.0000
2020-06-03,PVGG06TNP6J8,0.1600,0.1600,0.1600,0.1600,0.1600,1.000000,0.0000
2020-06-04,PVGG06TNP6J8,0.1500,0.1500,0.1500,0.1500,0.1500,1.000000,0.0000
2020-06-05,PVGG06TNP6J8,0.1500,0.1500,0.1500,0.1500,0.1500,1.000000,0.0000
2020-06-08,PVGG06TNP6J8,0.1700,0.1700,0.1700,0.1700,0.1700,1.000000,0.0000
2020-06-09,PVGG06TNP6J8,0.1900,0.1900,0.1900,0.1900,0.1900,1.000000,0.0000
2020-06-10,PVGG06TNP6J8,0.1700,0.1700,0.1700,0.1700,0.1700,1.000000,0.0000
2020-06-11,PVGG06TNP6J8,0.1700,0.1700,0.1700,0.1700,0.1700,1.000000,0.0000
2020-06-12,PVGG06TNP6J8,0.1600,0.1600,0.1600,0.1600,0.1600,1.000000,0.0000
2020-06-15,PVGG06TNP6J8,0.1800,0.1800,0.1800,0.1800,0.1800,1.000000,0.0000
2020-06-16,PVGG06TNP6J8,0.1700,0.1700,0.1700,0.1700,0.1700,1.000000,0.0000
2020-06-17,PVGG06TNP6J8,0.1700,0.1700,0.1700,0.1700,0.1700,1.000000,0.0000
2020-06-18,PVGG06TNP6J8,0.1600,0.1600,0.1600,0.1600,0.1600,1.000000,0.0000
2020-06-19,PVGG06TNP6J8,0.1500,0.1500,0.1500,0.1500,0.1500,1.000000,0.0000
2020-06-22,PVGG06TNP6J8,0.1600,0.1600,0.1600,0.1600,0.1600,1.000000,0.0000
2020-06-23,PVGG06TNP6J8,0.1600,0.1600,0.1600,0.1600,0.1600,1.000000,0.0000
2020-06-24,PVGG06TNP6J8,0.1500,0.1500,0.1500,0.1500,0.1500,1.000000,0.0000
2020-06-25,PVGG06TNP6J8,0.1600,0.1600,0.1600,0.1600,0.1600,1.000000,0.0000
2020-06-26,PVGG06TNP6J8,0.1400,0.1400,0.1400,0.1400,0.1400,1.000000,0.0000
2020-06-29,PVGG06TNP6J8,0.1400,0.1400,0.1400,0.1400,0.1400,1.000000,0.0000
2020-06-30,PVGG06TNP6J8,0.1600,0.1600,0.1600,0.1600,0.1600,1.000000,0.0000
2020-07-01,PVGG06TNP6J8,0.1400,0.1400,0.1400,0.1400,0.1400,1.000000,0.0000
2020-07-02,PVGG06TNP6J8,0.1400,0.1400,0.1400,0.1400,0.1400,1.000000,0.0000
2020-07-06,PVGG06TNP6J8,0.1500,0.1500,0.1500,0.1500,0.1500,1.000000,0.0000
2020-07-07,PVGG06TNP6J8,0.1500,0.1500,0.1500,0.1500,0.1500,1.000000,0.0000
2020-07-08,PVGG06TNP6J8,0.1500,0.1500,0.1500,0.1500,0.1500,1.000000,0.0000
2020-07-09,PVGG06TNP6J8,0.1300,0.1300,0.1300,0.1300,0.1300,1.000000,0.0000
2020-07-10,PVGG06TNP6J8,0.1300,0.1300,0.1300,0.1300,0.1300,1.000000,0.0000
2020-07-13,PVGG06TNP6J8,0.1400,0.1400,0.1400,0.1400,0.1400,1.000000,0.0000
2020-07-14,PVGG06TNP6J8,0.1500,0.1500,0.1500,0.1500,0.1500,1.000000,0.0000
2020-07-15,PVGG06TNP6J8,0.1600,0.1600,0.1600,0.1600,0.1600,1.000000,0.0000
2020-07-16,PVGG06TNP6J8,0.1100,0.1100,0.1100,0.1100,0.1100,1.000000,0.0000
2020-07-17,PVGG06TNP6J8,0.1100,0.1100,0.1100,0.1100,0.1100,1.000000,0.0000
2020-07-20,PVGG06TNP6J8,0.1300,0.1300,0.1300,0.1300,0.1300,1.000000,0.0000
2020-07-21,PVGG06TNP6J8,0.1300,0.1300,0.1300,0.1300,0.1300,1.000000,0.0000
2020-07-22,PVGG06TNP6J8,0.1300,0.1300,0.1300,0.1300,0.1300,1.000000,0.0000
2020-07-23,PVGG06TNP6J8,0.1200,0.1200,0.1200,0.1200,0.1200,1.000000,0.0000
2020-07-24,PVGG06TNP6J8,0.1100,0.1100,0.1100,0.1100,0.1100,1.000000,0.0000
2020-07-27,PVGG06TNP6J8,0.1100,0.1100,0.1100,0.1100,0.1100,1.000000,0.0000
2020-07-28,PVGG06TNP6J8,0.1100,0.1100,0.1100,0.1100,0.1100,1.000000,0.0000
2020-07-29,PVGG06TNP6J8,0.1100,0.1100,0.1100,0.1100,0.1100,1.000000,0.0000
2020-07-30,PVGG06TNP6J8,0.0900,0.0900,0.0900,0.0900,0.0900,1.000000,0.0000
2020-07-31,PVGG06TNP6J8,0.0900,0.0900,0.0900,0.0900,0.0900,1.000000,0.0000
2020-08-03,PVGG06TNP6J8,0.1000,0.1000,0.1000,0.1000,0.1000,1.000000,0.0000
2020-08-04,PVGG06TNP6J8,0.0900,0.0900,0.0900,0.0900,0.0900,1.000000,0.0000
2020-08-05,PVGG06TNP6J8,0.1000,0.1000,0.1000,0.1000,0.1000,1.000000,0.0000
2020-08-06,PVGG06TNP6J8,0.1000,0.1000,0.1000,0.1000,0.1000,1.000000,0.0000
2020-08-07,PVGG06TNP6J8,0.1000,0.1000,0.1000,0.1000,0.1000,1.000000,0.0000
2020-08-10,PVGG06TNP6J8,0.1100,0.1100,0.1100,0.1100,0.1100,1.000000,0.0000
2020-08-11,PVGG06TNP6J8,0.1100,0.1100,0.1100,0.1100,0.1100,1.000000,0.0000
2020-08-12,PVGG06TNP6J8,0.1100,0.1100,0.1100,0.1100,0.1100,1.000000,0.0000
2020-08-13,PVGG06TNP6J8,0.1000,0.1000,0.1000,0.1000,0.1000,1.000000,0.0000
2020-08-14,PVGG06TNP6J8,0.1000,0.1000,0.1000,0.1000,0.1000,1.000000,0.0000
2020-08-17,PVGG06TNP6J8,0.1000,0.1000,0.1000,0.1000,0.1000,1.000000,0.0000
2020-08-18,PVGG06TNP6J8,0.0900,0.0900,0.0900,0.0900,0.0900,1.000000,0.0000
2020-08-19,PVGG06TNP6J8,0.1100,0.1100,0.1100,0.1100,0.1100,1.000000,0.0000
2020-08-20,PVGG06TNP6J8,0.1100,0.1100,0.1100,0.1100,0.1100,1.000000,0.0000
2020-08-21,PVGG06TNP6J8,0.1000,0.1000,0.1000,0.1000,0.1000,1.000000,0.0000
2020-08-24,PVGG06TNP6J8,0.1200,0.1200,0.1200,0.1200,0.1200,1.000000,0.0000
2020-08-25,PVGG06TNP6J8,0.1100,0.1100,0.1100,0.1100,0.1100,1.000000,0.0000
2020-08-26,PVGG06TNP6J8,0.1100,0.1100,0.1100,0.1100,0.1100,1.000000,0.0000
2020-08-27,PVGG06TNP6J8,0.1100,0.1100,0.1100,0.1100,0.1100,1.000000,0.0000
2020-08-28,PVGG06TNP6J8,0.1000,0.1000,0.1000,0.1000,0.1000,1.000000,0.0000
2020-08-31,PVGG06TNP6J8,0.1100,0.1100,0.1100,0.1100,0.1100,1.000000,0.0000
2020-09-01,PVGG06TNP6J8,0.1200,0.1200,0.1200,0.1200,0.1200,1.000000,0.0000
2020-09-02,PVGG06TNP6J8,0.1200,0.1200,0.1200,0.1200,0.1200,1.000000,0.0000
2020-09-03,PVGG06TNP6J8,0.1100,0.1100,0.1100,0.1100,0.1100,1.000000,0.0000
2020-09-04,PVGG06TNP6J8,0.1100,0.1100,0.1100,0.1100,0.1100,1.000000,0.0000
2020-09-08,PVGG06TNP6J8,0.1300,0.1300,0.1300,0.1300,0.1300,1.000000,0.0000
2020-09-09,PVGG06TNP6J8,0.1200,0.1200,0.1200,0.1200,0.1200,1.000000,0.0000
2020-09-10,PVGG06TNP6J8,0.1200,0.1200,0.1200,0.1200,0.1200,1.000000,0.0000
2020-09-11,PVGG06TNP6J8,0.1100,0.1100,0.1100,0.1100,0.1100,1.000000,0.0000
2020-09-14,PVGG06TNP6J8,0.1100,0.1100,0.1100,0.1100,0.1100,1.000000,0.0000
2020-09-15,PVGG06TNP6J8,0.1100,0.1100,0.1100,0.1100,0.1100,1.000000,0.0000
2020-09-16,PVGG06TNP6J8,0.1200,0.1200,0.1200,0.1200,0.1200,1.000000,0.0000
2020-09-17,PVGG06TNP6J8,0.0900,0.0900,0.0900,0.0900,0.0900,1.000000,0.0000
2020-09-18,PVGG06TNP6J8,0.1000,0.1000,0.1000,0.1000,0.1000,1.000000,0.0000
2020-09-21,PVGG06TNP6J8,0.1000,0.1000,0.1000,0.1000,0.1000,1.000000,0.0000
2020-09-22,PVGG06TNP6J8,0.1000,0.1000,0.1000,0.1000,0.1000,1.000000,0.0000
2020-09-23,PVGG06TNP6J8,0.1100,0.1100,0.1100,0.1100,0.1100,1.000000,0.0000
2020-09-24,PVGG06TNP6J8,0.1000,0.1000,0.1000,0.1000,0.1000,1.000000,0.0000
2020-09-25,PVGG06TNP6J8,0.1000,0.1000,0.1000,0.1000,0.1000,1.000000,0.0000
2020-09-28,PVGG06TNP6J8,0.1100,0.1100,0.1100,0.1100,0.1100,1.000000,0.0000
2020-09-29,PVGG06TNP6J8,0.0900,0.0900,0.0900,0.0900,0.0900,1.000000,0.0000
2020-09-30,PVGG06TNP6J8,0.1000,0.1000,0.1000,0.1000,0.1000,1.000000,0.0000
2020-10-01,PVGG06TNP6J8,0.0900,0.0900,0.0900,0.0900,0.0900,1.000000,0.0000
2020-10-02,PVGG06TNP6J8,0.0900,0.0900,0.0900,0.0900,0.0900,1.000000,0.0000
2020-10-05,PVGG06TNP6J8,0.1000,0.1000,0.1000,0.1000,0.1000,1.000000,0.0000
2020-10-06,PVGG06TNP6J8,0.1000,0.1000,0.1000,0.1000,0.1000,1.000000,0.0000
2020-10-07,PVGG06TNP6J8,0.1000,0.1000,0.1000,0.1000,0.1000,1.000000,0.0000
2020-10-08,PVGG06TNP6J8,0.0900,0.0900,0.0900,0.0900,0.0900,1.000000,0.0000
2020-10-09,PVGG06TNP6J8,0.1000,0.1000,0.1000,0.1000,0.1000,1.000000,0.0000
2020-10-12,PVGG06TNP6J8,0.1000,0.1000,0.1000,0.1000,0.1000,1.000000,0.0000
2020-10-13,PVGG06TNP6J8,0.1100,0.1100,0.1100,0.1100,0.1100,1.000000,0.0000
2020-10-14,PVGG06TNP6J8,0.1200,0.1200,0.1200,0.1200,0.1200,1.000000,0.0000
2020-10-15,PVGG06TNP6J8,0.1100,0.1100,0.1100,0.1100,0.1100,1.000000,0.0000
2020-10-16,PVGG06TNP6J8,0.1100,0.1100,0.1100,0.1100,0.1100,1.000000,0.0000
2020-10-19,PVGG06TNP6J8,0.1100,0.1100,0.1100,0.1100,0.1100,1.000000,0.0000
2020-10-20,PVGG06TNP6J8,0.1000,0.1000,0.1000,0.1000,0.1000,1.000000,0.0000
2020-10-21,PVGG06TNP6J8,0.1000,0.1000,0.1000,0.1000,0.1000,1.000000,0.0000
2020-10-22,PVGG06TNP6J8,0.0900,0.0900,0.0900,0.0900,0.0900,1.000000,0.0000
2020-10-23,PVGG06TNP6J8,0.1000,0.1000,0.1000,0.1000,0.1000,1.000000,0.0000
2020-10-26,PVGG06TNP6J8,0.1100,0.1100,0.1100,0.1100,0.1100,1.000000,0.0000
2020-10-27,PVGG06TNP6J8,0.1000,0.1000,0.1000,0.1000,0.1000,1.000000,0.0000
2020-10-28,PVGG06TNP6J8,0.1000,0.1000,0.1000,0.1000,0.1000,1.000000,0.0000
2020-10-29,PVGG06TNP6J8,0.0900,0.0900,0.0900,0.0900,0.0900,1.000000,0.0000
2020-10-30,PVGG06TNP6J8,0.0900,0.0900,0.0900,0.0900,0.0900,1.000000,0.0000
2020-11-02,PVGG06TNP6J8,0.0900,0.0900,0.0900,0.0900,0.0900,1.000000,0.0000
2020-11-03,PVGG06TNP6J8,0.1000,0.1000,0.1000,0.1000,0.1000,1.000000,0.0000
2020-11-04,PVGG06TNP6J8,0.1000,0.1000,0.1000,0.1000,0.1000,1.000000,0.0000
2020-11-05,PVGG06TNP6J8,0.1000,0.1000,0.1000,0.1000,0.1000,1.000000,0.0000
2020-11-06,PVGG06TNP6J8,0.1000,0.1000,0.1000,0.1000,0.1000,1.000000,0.0000
2020-11-09,PVGG06TNP6J8,0.1100,0.1100,0.1100,0.1100,0.1100,1.000000,0.0000
2020-11-10,PVGG06TNP6J8,0.1000,0.1000,0.1000,0.1000,0.1000,1.000000,0.0000
2020-11-11,PVGG06TNP6J8,0.1000,0.1000,0.1000,0.1000,0.1000,1.000000,0.0000
2020-11-12,PVGG06TNP6J8,0.1000,0.1000,0.1000,0.1000,0.1000,1.000000,0.0000
2020-11-13,PVGG06TNP6J8,0.0900,0.0900,0.0900,0.0900,0.0900,1.000000,0.0000
2020-11-16,PVGG06TNP6J8,0.0900,0.0900,0.0900,0.0900,0.0900,1.000000,0.0000
2020-11-17,PVGG06TNP6J8,0.0900,0.0900,0.0900,0.0900,0.0900,1.000000,0.0000
2020-11-18,PVGG06TNP6J8,0.0900,0.0900,0.0900,0.0900,0.0900,1.000000,0.0000
2020-11-19,PVGG06TNP6J8,0.0700,0.0700,0.0700,0.0700,0.0700,1.000000,0.0000
2020-11-20,PVGG06TNP6J8,0.0700,0.0700,0.0700,0.0700,0.0700,1.000000,0.0000
2020-11-23,PVGG06TNP6J8,0.0800,0.0800,0.0800,0.0800,0.0800,1.000000,0.0000
2020-11-24,PVGG06TNP6J8,0.0900,0.0900,0.0900,0.0900,0.0900,1.000000,0.0000
2020-11-25,PVGG06TNP6J8,0.0900,0.0900,0.0900,0.0900,0.0900,1.000000,0.0000
2020-11-27,PVGG06TNP6J8,0.0900,0.0900,0.0900,0.0900,0.0900,1.000000,0.0000
2020-11-30,PVGG06TNP6J8,0.0800,0.0800,0.0800,0.0800,0.0800,1.000000,0.0000
2020-12-01,PVGG06TNP6J8,0.0900,0.0900,0.0900,0.0900,0.0900,1.000000,0.0000
2020-12-02,PVGG06TNP6J8,0.0900,0.0900,0.0900,0.0900,0.0900,1.000000,0.0000
2020-12-03,PVGG06TNP6J8,0.0800,0.0800,0.0800,0.0800,0.0800,1.000000,0.0000
2020-12-04,PVGG06TNP6J8,0.0900,0.0900,0.0900,0.0900,0.0900,1.000000,0.0000
2020-12-07,PVGG06TNP6J8,0.0800,0.0800,0.0800,0.0800,0.0800,1.000000,0.0000
2020-12-08,PVGG06TNP6J8,0.0900,0.0900,0.0900,0.0900,0.0900,1.000000,0.0000
2020-12-09,PVGG06TNP6J8,0.0800,0.0800,0.0800,0.0800,0.0800,1.000000,0.0000
2020-12-10,PVGG06TNP6J8,0.0800,0.0800,0.0800,0.0800,0.0800,1.000000,0.0000
2020-12-11,PVGG06TNP6J8,0.0800,0.0800,0.0800,0.0800,0.0800,1.000000,0.0000
2020-12-14,PVGG06TNP6J8,0.0900,0.0900,0.0900,0.0900,0.0900,1.000000,0.0000
2020-12-15,PVGG06TNP6J8,0.0800,0.0800,0.0800,0.0800,0.0800,1.000000,0.0000
2020-12-16,PVGG06TNP6J8,0.0900,0.0900,0.0900,0.0900,0.0900,1.000000,0.0000
2020-12-17,PVGG06TNP6J8,0.0800,0.0800,0.0800,0.0800,0.0800,1.000000,0.0000
2020-12-18,PVGG06TNP6J8,0.0800,0.0800,0.0800,0.0800,0.0800,1.000000,0.0000
2020-12-21,PVGG06TNP6J8,0.0900,0.0900,0.0900,0.0900,0.0900,1.000000,0.0000
2020-12-22,PVGG06TNP6J8,0.0900,0.0900,0.0900,0.0900,0.0900,1.000000,0.0000
2020-12-23,PVGG06TNP6J8,0.0900,0.0900,0.0900,0.0900,0.0900,1.000000,0.0000
2020-12-24,PVGG06TNP6J8,0.0900,0.0900,0.0900,0.0900,0.0900,1.000000,0.0000
2020-12-28,PVGG06TNP6J8,0.1100,0.1100,0.1100,0.1100,0.1100,1.000000,0.0000
2020-12-29,PVGG06TNP6J8,0.1000,0.1000,0.1000,0.1000,0.1000,1.000000,0.0000
2020-12-30,PVGG06TNP6J8,0.0800,0.0800,0.0800,0.0800,0.0800,1.000000,0.0000
2020-12-31,PVGG06TNP6J8,0.0900,0.0900,0.0900,0.0900,0.0900,1.000000,0.0000
2021-01-04,PVGG06TNP6J8,0.0900,0.0900,0.0900,0.0900,0.0900,1.000000,0.0000
2021-01-05,PVGG06TNP6J8,0.0900,0.0900,0.0900,0.0900,0.0900,1.000000,0.0000
2021-01-06,PVGG06TNP6J8,0.0900,0.0900,0.0900,0.0900,0.0900,1.000000,0.0000
2021-01-07,PVGG06TNP6J8,0.0900,0.0900,0.0900,0.0900,0.0900,1.000000,0.0000
2021-01-08,PVGG06TNP6J8,0.0800,0.0800,0.0800,0.0800,0.0800,1.000000,0.0000
2021-01-11,PVGG06TNP6J8,0.0800,0.0800,0.0800,0.0800,0.0800,1.000000,0.0000
2021-01-12,PVGG06TNP6J8,0.0900,0.0900,0.0900,0.0900,0.0900,1.000000,0.0000
2021-01-13,PVGG06TNP6J8,0.0900,0.0900,0.0900,0.0900,0.0900,1.000000,0.0000
2021-01-14,PVGG06TNP6J8,0.0900,0.0900,0.0900,0.0900,0.0900,1.000000,0.0000
2021-01-15,PVGG06TNP6J8,0.0900,0.0900,0.0900,0.0900,0.0900,1.000000,0.0000
2021-01-19,PVGG06TNP6J8,0.0900,0.0900,0.0900,0.0900,0.0900,1.000000,0.0000
2021-01-20,PVGG06TNP6J8,0.0800,0.0800,0.0800,0.0800,0.0800,1.000000,0.0000
2021-01-21,PVGG06TNP6J8,0.0900,0.0900,0.0900,0.0900,0.0900,1.000000,0.0000
2021-01-22,PVGG06TNP6J8,0.0800,0.0800,0.0800,0.0800,0.0800,1.000000,0.0000
2021-01-25,PVGG06TNP6J8,0.0900,0.0900,0.0900,0.0900,0.0900,1.000000,0.0000
2021-01-26,PVGG06TNP6J8,0.0700,0.0700,0.0700,0.0700,0.0700,1.000000,0.0000
2021-01-27,PVGG06TNP6J8,0.0800,0.0800,0.0800,0.0800,0.0800,1.000000,0.0000
2021-01-28,PVGG06TNP6J8,0.0700,0.0700,0.0700,0.0700,0.0700,1.000000,0.0000
2021-01-29,PVGG06TNP6J8,0.0600,0.0600,0.0600,0.0600,0.0600,1.000000,0.0000
2021-02-01,PVGG06TNP6J8,0.0700,0.0700,0.0700,0.0700,0.0700,1.000000,0.0000
2021-02-02,PVGG06TNP6J8,0.0700,0.0700,0.0700,0.0700,0.0700,1.000000,0.0000
2021-02-03,PVGG06TNP6J8,0.0400,0.0400,0.0400,0.0400,0.0400,1.000000,0.0000
2021-02-04,PVGG06TNP6J8,0.0400,0.0400,0.0400,0.0400,0.0400,1.000000,0.0000
2021-02-05,PVGG06TNP6J8,0.0300,0.0300,0.0300,0.0300,0.0300,1.000000,0.0000
2021-02-08,PVGG06TNP6J8,0.0500,0.0500,0.0500,0.0500,0.0500,1.000000,0.0000
2021-02-09,PVGG06TNP6J8,0.0400,0.0400,0.0400,0.0400,0.0400,1.000000,0.0000
2021-02-10,PVGG06TNP6J8,0.0500,0.0500,0.0500,0.0500,0.0500,1.000000,0.0000
2021-02-11,PVGG06TNP6J8,0.0500,0.0500,0.0500,0.0500,0.0500,1.000000,0.0000
2021-02-12,PVGG06TNP6J8,0.0400,0.0400,0.0400,0.0400,0.0400,1.000000,0.0000
2021-02-16,PVGG06TNP6J8,0.0400,0.0400,0.0400,0.0400,0.0400,1.000000,0.0000
2021-02-17,PVGG06TNP6J8,0.0400,0.0400,0.0400,0.0400,0.0400,1.000000,0.0000
2021-02-18,PVGG06TNP6J8,0.0300,0.0300,0.0300,0.0300,0.0300,1.000000,0.0000
2021-02-19,PVGG06TNP6J8,0.0400,0.0400,0.0400,0.0400,0.0400,1.000000,0.0000
2021-02-22,PVGG06TNP6J8,0.0300,0.0300,0.0300,0.0300,0.0300,1.000000,0.0000
2021-02-23,PVGG06TNP6J8,0.0400,0.0400,0.0400,0.0400,0.0400,1.000000,0.0000
2021-02-24,PVGG06TNP6J8,0.0300,0.0300,0.0300,0.0300,0.0300,1.000000,0.0000
2021-02-25,PVGG06TNP6J8,0.0400,0.0400,0.0400,0.0400,0.0400,1.000000,0.0000
2021-02-26,PVGG06TNP6J8,0.0400,0.0400,0.0400,0.0400,0.0400,1.000000,0.0000
2021-03-01,PVGG06TNP6J8,0.0500,0.0500,0.0500,0.0500,0.0500,1.000000,0.0000
2021-03-02,PVGG06TNP6J8,0.0400,0.0400,0.0400,0.0400,0.0400,1.000000,0.0000
2021-03-03,PVGG06TNP6J8,0.0500,0.0500,0.0500,0.0500,0.0500,1.000000,0.0000
2021-03-04,PVGG06TNP6J8,0.0400,0.0400,0.0400,0.0400,0.0400,1.000000,0.0000
2021-03-05,PVGG06TNP6J8,0.0400,0.0400,0.0400,0.0400,0.0400,1.000000,0.0000
2021-03-08,PVGG06TNP6J8,0.0500,0.0500,0.0500,0.0500,0.0500,1.000000,0.0000
2021-03-09,PVGG06TNP6J8,0.0500,0.0500,0.0500,0.0500,0.0500,1.000000,0.0000
2021-03-10,PVGG06TNP6J8,0.0400,0.0400,0.0400,0.0400,0.0400,1.000000,0.0000
2021-03-11,PVGG06TNP6J8,0.0400,0.0400,0.0400,0.0400,0.0400,1.000000,0.0000
2021-03-12,PVGG06TNP6J8,0.0400,0.0400,0.0400,0.0400,0.0400,1.000000,0.0000
2021-03-15,PVGG06TNP6J8,0.0400,0.0400,0.0400,0.0400,0.0400,1.000000,0.0000
2021-03-16,PVGG06TNP6J8,0.0200,0.0200,0.0200,0.0200,0.0200,1.000000,0.0000
2021-03-17,PVGG06TNP6J8,0.0200,0.0200,0.0200,0.0200,0.0200,1.000000,0.0000
2021-03-18,PVGG06TNP6J8,0.0100,0.0100,0.0100,0.0100,0.0100,1.000000,0.0000
2021-03-19,PVGG06TNP6J8,0.0100,0.0100,0.0100,0.0100,0.0100,1.000000,0.0000
2021-03-22,PVGG06TNP6J8,0.0300,0.0300,0.0300,0.0300,0.0300,1.000000,0.0000
2021-03-23,PVGG06TNP6J8,0.0100,0.0100,0.0100,0.0100,0.0100,1.000000,0.0000
2021-03-24,PVGG06TNP6J8,0.0200,0.0200,0.0200,0.0200,0.0200,1.000000,0.0000
2021-03-25,PVGG06TNP6J8,0.0200,0.0200,0.0200,0.0200,0.0200,1.000000,0.0000
2021-03-26,PVGG06TNP6J8,0.0200,0.0200,0.0200,0.0200,0.0200,1.000000,0.0000
2021-03-29,PVGG06TNP6J8,0.0300,0.0300,0.0300,0.0300,0.0300,1.000000,0.0000
2021-03-30,PVGG06TNP6J8,0.0200,0.0200,0.0200,0.0200,0.0200,1.000000,0.0000
2021-03-31,PVGG06TNP6J8,0.0300,0.0300,0.0300,0.0300,0.0300,1.000000,0.0000
2021-04-01,PVGG06TNP6J8,0.0200,0.0200,0.0200,0.0200,0.0200,1.000000,0.0000
2021-04-05,PVGG06TNP6J8,0.0300,0.0300,0.0300,0.0300,0.0300,1.000000,0.0000
2021-04-06,PVGG06TNP6J8,0.0200,0.0200,0.0200,0.0200,0.0200,1.000000,0.0000
2021-04-07,PVGG06TNP6J8,0.0200,0.0200,0.0200,0.0200,0.0200,1.000000,0.0000
2021-04-08,PVGG06TNP6J8,0.0100,0.0100,0.0100,0.0100,0.0100,1.000000,0.0000
2021-04-09,PVGG06TNP6J8,0.0200,0.0200,0.0200,0.0200,0.0200,1.000000,0.0000
2021-04-12,PVGG06TNP6J8,0.0200,0.0200,0.0200,0.0200,0.0200,1.000000,0.0000
2021-04-13,PVGG06TNP6J8,0.0300,0.0300,0.0300,0.0300,0.0300,1.000000,0.0000
2021-04-14,PVGG06TNP6J8,0.0200,0.0200,0.0200,0.0200,0.0200,1.000000,0.0000
2021-04-15,PVGG06TNP6J8,0.0200,0.0200,0.0200,0.0200,0.0200,1.000000,0.0000
2021-04-16,PVGG06TNP6J8,0.0200,0.0200,0.0200,0.0200,0.0200,1.000000,0.0000
2021-04-19,PVGG06TNP6J8,0.0200,0.0200,0.0200,0.0200,0.0200,1.000000,0.0000
2021-04-20,PVGG06TNP6J8,0.0300,0.0300,0.0300,0.0300,0.0300,1.000000,0.0000
2021-04-21,PVGG06TNP6J8,0.0300,0.0300,0.0300,0.0300,0.0300,1.000000,0.0000
2021-04-22,PVGG06TNP6J8,0.0300,0.0300,0.0300,0.0300,0.0300,1.000000,0.0000
2021-04-23,PVGG06TNP6J8,0.0300,0.0300,0.0300,0.0300,0.0300,1.000000,0.0000
2021-04-26,PVGG06TNP6J8,0.0300,0.0300,0.0300,0.0300,0.0300,1.000000,0.0000
2021-04-27,PVGG06TNP6J8,0.0100,0.0100,0.0100,0.0100,0.0100,1.000000,0.0000
2021-04-28,PVGG06TNP6J8,0.0100,0.0100,0.0100,0.0100,0.0100,1.000000,0.0000
2021-04-29,PVGG06TNP6J8,0.0100,0.0100,0.0100,0.0100,0.0100,1.000000,0.0000
2021-04-30,PVGG06TNP6J8,0.0100,0.0100,0.0100,0.0100,0.0100,1.000000,0.0000
2021-05-03,PVGG06TNP6J8,0.0400,0.0400,0.0400,0.0400,0.0400,1.000000,0.0000
2021-05-04,PVGG06TNP6J8,0.0200,0.0200,0.0200,0.0200,0.0200,1.000000,0.0000
2021-05-05,PVGG06TNP6J8,0.0200,0.0200,0.0200,0.0200,0.0200,1.000000,0.0000
2021-05-06,PVGG06TNP6J8,0.0200,0.0200,0.0200,0.0200,0.0200,1.000000,0.0000
2021-05-07,PVGG06TNP6J8,0.0200,0.0200,0.0200,0.0200,0.0200,1.000000,0.0000
2021-05-10,PVGG06TNP6J8,0.0200,0.0200,0.0200,0.0200,0.0200,1.000000,0.0000
2021-05-11,PVGG06TNP6J8,0.0100,0.0100,0.0100,0.0100,0.0100,1.000000,0.0000
2021-05-12,PVGG06TNP6J8,0.0200,0.0200,0.0200,0.0200,0.0200,1.000000,0.0000
2021-05-13,PVGG06TNP6J8,0.0200,0.0200,0.0200,0.0200,0.0200,1.000000,0.0000
2021-05-14,PVGG06TNP6J8,0.0100,0.0100,0.0100,0.0100,0.0100,1.000000,0.0000
2021-05-17,PVGG06TNP6J8,0.0200,0.0200,0.0200,0.0200,0.0200,1.000000,0.0000
2021-05-18,PVGG06TNP6J8,0.0200,0.0200,0.0200,0.0200,0.0200,1.000000,0.0000
2021-05-19,PVGG06TNP6J8,0.0100,0.0100,0.0100,0.0100,0.0100,1.000000,0.0000
2021-05-20,PVGG06TNP6J8,0.0100,0.0100,0.0100,0.0100,0.0100,1.000000,0.0000
2021-05-21,PVGG06TNP6J8,0.0100,0.0100,0.0100,0.0100,0.0100,1.000000,0.0000
2021-05-24,PVGG06TNP6J8,0.0200,0.0200,0.0200,0.0200,0.0200,1.000000,0.0000
2021-05-25,PVGG06TNP6J8,0.0200,0.0200,0.0200,0.0200,0.0200,1.000000,0.0000
2021-05-26,PVGG06TNP6J8,0.0200,0.0200,0.0200,0.0200,0.0200,1.000000,0.0000
2021-05-27,PVGG06TNP6J8,0.0200,0.0200,0.0200,0.0200,0.0200,1.000000,0.0000
2021-05-28,PVGG06TNP6J8,0.0100,0.0100,0.0100,0.0100,0.0100,1.000000,0.0000
2021-06-01,PVGG06TNP6J8,0.0200,0.0200,0.0200,0.0200,0.0200,1.000000,0.0000
2021-06-02,PVGG06TNP6J8,0.0200,0.0200,0.0200,0.0200,0.0200,1.000000,0.0000
2021-06-03,PVGG06TNP6J8,0.0200,0.0200,0.0200,0.0200,0.0200,1.000000,0.0000
2021-06-04,PVGG06TNP6J8,0.0200,0.0200,0.0200,0.0200,0.0200,1.000000,0.0000
2021-06-07,PVGG06TNP6J8,0.0200,0.0200,0.0200,0.0200,0.0200,1.000000,0.0000
2021-06-08,PVGG06TNP6J8,0.0200,0.0200,0.0200,0.0200,0.0200,1.000000,0.0000
2021-06-09,PVGG06TNP6J8,0.0300,0.0300,0.0300,0.0300,0.0300,1.000000,0.0000
2021-06-10,PVGG06TNP6J8,0.0300,0.0300,0.0300,0.0300,0.0300,1.000000,0.0000
2021-06-11,PVGG06TNP6J8,0.0300,0.0300,0.0300,0.0300,0.0300,1.000000,0.0000
2021-06-14,PVGG06TNP6J8,0.0300,0.0300,0.0300,0.0300,0.0300,1.000000,0.0000
2021-06-15,PVGG06TNP6J8,0.0300,0.0300,0.0300,0.0300,0.0300,1.000000,0.0000
2021-06-16,PVGG06TNP6J8,0.0400,0.0400,0.0400,0.0400,0.0400,1.000000,0.0000
2021-06-17,PVGG06TNP6J8,0.0400,0.0400,0.0400,0.0400,0.0400,1.000000,0.0000
2021-06-18,PVGG06TNP6J8,0.0500,0.0500,0.0500,0.0500,0.0500,1.000000,0.0000
2021-06-21,PVGG06TNP6J8,0.0500,0.0500,0.0500,0.0500,0.0500,1.000000,0.0000
2021-06-22,PVGG06TNP6J8,0.0400,0.0400,0.0400,0.0400,0.0400,1.000000,0.0000
2021-06-23,PVGG06TNP6J8,0.0500,0.0500,0.0500,0.0500,0.0500,1.000000,0.0000
2021-06-24,PVGG06TNP6J8,0.0500,0.0500,0.0500,0.0500,0.0500,1.000000,0.0000
2021-06-25,PVGG06TNP6J8,0.0600,0.0600,0.0600,0.0600,0.0600,1.000000,0.0000
2021-06-28,PVGG06TNP6J8,0.0500,0.0500,0.0500,0.0500,0.0500,1.000000,0.0000
2021-06-29,PVGG06TNP6J8,0.0400,0.0400,0.0400,0.0400,0.0400,1.000000,0.0000
2021-06-30,PVGG06TNP6J8,0.0500,0.0500,0.0500,0.0500,0.0500,1.000000,0.0000
2021-07-01,PVGG06TNP6J8,0.0500,0.0500,0.0500,0.0500,0.0500,1.000000,0.0000
2021-07-02,PVGG06TNP6J8,0.0500,0.0500,0.0500,0.0500,0.0500,1.000000,0.0000
2021-07-06,PVGG06TNP6J8,0.0500,0.0500,0.0500,0.0500,0.0500,1.000000,0.0000
2021-07-07,PVGG06TNP6J8,0.0500,0.0500,0.0500,0.0500,0.0500,1.000000,0.0000
2021-07-08,PVGG06TNP6J8,0.0600,0.0600,0.0600,0.0600,0.0600,1.000000,0.0000
2021-07-09,PVGG06TNP6J8,0.0600,0.0600,0.0600,0.0600,0.0600,1.000000,0.0000
2021-07-12,PVGG06TNP6J8,0.0500,0.0500,0.0500,0.0500,0.0500,1.000000,0.0000
2021-07-13,PVGG06TNP6J8,0.0500,0.0500,0.0500,0.0500,0.0500,1.000000,0.0000
2021-07-14,PVGG06TNP6J8,0.0600,0.0600,0.0600,0.0600,0.0600,1.000000,0.0000
2021-07-15,PVGG06TNP6J8,0.0500,0.0500,0.0500,0.0500,0.0500,1.000000,0.0000
2021-07-16,PVGG06TNP6J8,0.0500,0.0500,0.0500,0.0500,0.0500,1.000000,0.0000
2021-07-19,PVGG06TNP6J8,0.0500,0.0500,0.0500,0.0500,0.0500,1.000000,0.0000
2021-07-20,PVGG06TNP6J8,0.0500,0.0500,0.0500,0.0500,0.0500,1.000000,0.0000
2021-07-21,PVGG06TNP6J8,0.0500,0.0500,0.0500,0.0500,0.0500,1.000000,0.0000
2021-07-22,PVGG06TNP6J8,0.0500,0.0500,0.0500,0.0500,0.0500,1.000000,0.0000
2021-07-23,PVGG06TNP6J8,0.0500,0.0500,0.0500,0.0500,0.0500,1.000000,0.0000
2021-07-26,PVGG06TNP6J8,0.0500,0.0500,0.0500,0.0500,0.0500,1.000000,0.0000
2021-07-27,PVGG06TNP6J8,0.0500,0.0500,0.0500,0.0500,0.0500,1.000000,0.0000
2021-07-28,PVGG06TNP6J8,0.0500,0.0500,0.0500,0.0500,0.0500,1.000000,0.0000
2021-07-29,PVGG06TNP6J8,0.0600,0.0600,0.0600,0.0600,0.0600,1.000000,0.0000
2021-07-30,PVGG06TNP6J8,0.0600,0.0600,0.0600,0.0600,0.0600,1.000000,0.0000
2021-08-02,PVGG06TNP6J8,0.0500,0.0500,0.0500,0.0500,0.0500,1.000000,0.0000
2021-08-03,PVGG06TNP6J8,0.0500,0.0500,0.0500,0.0500,0.0500,1.000000,0.0000
2021-08-04,PVGG06TNP6J8,0.0500,0.0500,0.0500,0.0500,0.0500,1.000000,0.0000
2021-08-05,PVGG06TNP6J8,0.0500,0.0500,0.0500,0.0500,0.0500,1.000000,0.0000
2021-08-06,PVGG06TNP6J8,0.0600,0.0600,0.0600,0.0600,0.0600,1.000000,0.0000
2021-08-09,PVGG06TNP6J8,0.0600,0.0600,0.0600,0.0600,0.0600,1.000000,0.0000
2021-08-10,PVGG06TNP6J8,0.0500,0.0500,0.0500,0.0500,0.0500,1.000000,0.0000
2021-08-11,PVGG06TNP6J8,0.0500,0.0500,0.0500,0.0500,0.0500,1.000000,0.0000
2021-08-12,PVGG06TNP6J8,0.0600,0.0600,0.0600,0.0600,0.0600,1.000000,0.0000
2021-08-13,PVGG06TNP6J8,0.0600,0.0600,0.0600,0.0600,0.0600,1.000000,0.0000
2021-08-16,PVGG06TNP6J8,0.0600,0.0600,0.0600,0.0600,0.0600,1.000000,0.0000
2021-08-17,PVGG06TNP6J8,0.0700,0.0700,0.0700,0.0700,0.0700,1.000000,0.0000
2021-08-18,PVGG06TNP6J8,0.0700,0.0700,0.0700,0.0700,0.0700,1.000000,0.0000
2021-08-19,PVGG06TNP6J8,0.0600,0.0600,0.0600,0.0600,0.0600,1.000000,0.0000
2021-08-20,PVGG06TNP6J8,0.0500,0.0500,0.0500,0.0500,0.0500,1.000000,0.0000
2021-08-23,PVGG06TNP6J8,0.0500,0.0500,0.0500,0.0500,0.0500,1.000000,0.0000
2021-08-24,PVGG06TNP6J8,0.0500,0.0500,0.0500,0.0500,0.0500,1.000000,0.0000
2021-08-25,PVGG06TNP6J8,0.0600,0.0600,0.0600,0.0600,0.0600,1.000000,0.0000
2021-08-26,PVGG06TNP6J8,0.0500,0.0500,0.0500,0.0500,0.0500,1.000000,0.0000
2021-08-27,PVGG06TNP6J8,0.0500,0.0500,0.0500,0.0500,0.0500,1.000000,0.0000
2021-08-30,PVGG06TNP6J8,0.0500,0.0500,0.0500,0.0500,0.0500,1.000000,0.0000
2021-08-31,PVGG06TNP6J8,0.0400,0.0400,0.0400,0.0400,0.0400,1.000000,0.0000
2021-09-01,PVGG06TNP6J8,0.0500,0.0500,0.0500,0.0500,0.0500,1.000000,0.0000
2021-09-02,PVGG06TNP6J8,0.0500,0.0500,0.0500,0.0500,0.0500,1.000000,0.0000
2021-09-03,PVGG06TNP6J8,0.0500,0.0500,0.0500,0.0500,0.0500,1.000000,0.0000
2021-09-07,PVGG06TNP6J8,0.0500,0.0500,0.0500,0.0500,0.0500,1.000000,0.0000
2021-09-08,PVGG06TNP6J8,0.0500,0.0500,0.0500,0.0500,0.0500,1.000000,0.0000
2021-09-09,PVGG06TNP6J8,0.0400,0.0400,0.0400,0.0400,0.0400,1.000000,0.0000
2021-09-10,PVGG06TNP6J8,0.0500,0.0500,0.0500,0.0500,0.0500,1.000000,0.0000
2021-09-13,PVGG06TNP6J8,0.0600,0.0600,0.0600,0.0600,0.0600,1.000000,0.0000
2021-09-14,PVGG06TNP6J8,0.0400,0.0400,0.0400,0.0400,0.0400,1.000000,0.0000
2021-09-15,PVGG06TNP6J8,0.0400,0.0400,0.0400,0.0400,0.0400,1.000000,0.0000
2021-09-16,PVGG06TNP6J8,0.0400,0.0400,0.0400,0.0400,0.0400,1.000000,0.0000
2021-09-17,PVGG06TNP6J8,0.0400,0.0400,0.0400,0.0400,0.0400,1.000000,0.0000
2021-09-20,PVGG06TNP6J8,0.0400,0.0400,0.0400,0.0400,0.0400,1.000000,0.0000
2021-09-21,PVGG06TNP6J8,0.0300,0.0300,0.0300,0.0300,0.0300,1.000000,0.0000
2021-09-22,PVGG06TNP6J8,0.0300,0.0300,0.0300,0.0300,0.0300,1.000000,0.0000
2021-09-23,PVGG06TNP6J8,0.0300,0.0300,0.0300,0.0300,0.0300,1.000000,0.0000
2021-09-24,PVGG06TNP6J8,0.0300,0.0300,0.0300,0.0300,0.0300,1.000000,0.0000
2021-09-27,PVGG06TNP6J8,0.0400,0.0400,0.0400,0.0400,0.0400,1.000000,0.0000
2021-09-28,PVGG06TNP6J8,0.0400,0.0400,0.0400,0.0400,0.0400,1.000000,0.0000
2021-09-29,PVGG06TNP6J8,0.0400,0.0400,0.0400,0.0400,0.0400,1.000000,0.0000
2021-09-30,PVGG06TNP6J8,0.0400,0.0400,0.0400,0.0400,0.0400,1.000000,0.0000
2021-10-01,PVGG06TNP6J8,0.0400,0.0400,0.0400,0.0400,0.0400,1.000000,0.0000
2021-10-04,PVGG06TNP6J8,0.0400,0.0400,0.0400,0.0400,0.0400,1.000000,0.0000
2021-10-05,PVGG06TNP6J8,0.0400,0.0400,0.0400,0.0400,0.0400,1.000000,0.0000
2021-10-06,PVGG06TNP6J8,0.0400,0.0400,0.0400,0.0400,0.0400,1.000000,0.0000
2021-10-07,PVGG06TNP6J8,0.0500,0.0500,0.0500,0.0500,0.0500,1.000000,0.0000
2021-10-08,PVGG06TNP6J8,0.0500,0.0500,0.0500,0.0500,0.0500,1.000000,0.0000
2021-10-11,PVGG06TNP6J8,0.0500,0.0500,0.0500,0.0500,0.0500,1.000000,0.0000
2021-10-12,PVGG06TNP6J8,0.0600,0.0600,0.0600,0.0600,0.0600,1.000000,0.0000
2021-10-13,PVGG06TNP6J8,0.0500,0.0500,0.0500,0.0500,0.0500,1.000000,0.0000
2021-10-14,PVGG06TNP6J8,0.0500,0.0500,0.0500,0.0500,0.0500,1.000000,0.0000
2021-10-15,PVGG06TNP6J8,0.0500,0.0500,0.0500,0.0500,0.0500,1.000000,0.0000
2021-10-18,PVGG06TNP6J8,0.0600,0.0600,0.0600,0.0600,0.0600,1.000000,0.0000
2021-10-19,PVGG06TNP6J8,0.0500,0.0500,0.0500,0.0500,0.0500,1.000000,0.0000
2021-10-20,PVGG06TNP6J8,0.0500,0.0500,0.0500,0.0500,0.0500,1.000000,0.0000
2021-10-21,PVGG06TNP6J8,0.0600,0.0600,0.0600,0.0600,0.0600,1.000000,0.0000
2021-10-22,PVGG06TNP6J8,0.0600,0.0600,0.0600,0.0600,0.0600,1.000000,0.0000
2021-10-25,PVGG06TNP6J8,0.0600,0.0600,0.0600,0.0600,0.0600,1.000000,0.0000
2021-10-26,PVGG06TNP6J8,0.0600,0.0600,0.0600,0.0600,0.0600,1.000000,0.0000
2021-10-27,PVGG06TNP6J8,0.0600,0.0600,0.0600,0.0600,0.0600,1.000000,0.0000
2021-10-28,PVGG06TNP6J8,0.0600,0.0600,0.0600,0.0600,0.0600,1.000000,0.0000
2021-10-29,PVGG06TNP6J8,0.0500,0.0500,0.0500,0.0500,0.0500,1.000000,0.0000
2021-11-01,PVGG06TNP6J8,0.0500,0.0500,0.0500,0.0500,0.0500,1.000000,0.0000
2021-11-02,PVGG06TNP6J8,0.0500,0.0500,0.0500,0.0500,0.0500,1.000000,0.0000
2021-11-03,PVGG06TNP6J8,0.0500,0.0500,0.0500,0.0500,0.0500,1.000000,0.0000
2021-11-04,PVGG06TNP6J8,0.0400,0.0400,0.0400,0.0400,0.0400,1.000000,0.0000
2021-11-05,PVGG06TNP6J8,0.0500,0.0500,0.0500,0.0500,0.0500,1.000000,0.0000
2021-11-08,PVGG06TNP6J8,0.0600,0.0600,0.0600,0.0600,0.0600,1.000000,0.0000
2021-11-09,PVGG06TNP6J8,0.0400,0.0400,0.0400,0.0400,0.0400,1.000000,0.0000
2021-11-10,PVGG06TNP6J8,0.0500,0.0500,0.0500,0.0500,0.0500,1.000000,0.0000
2021-11-11,PVGG06TNP6J8,0.0500,0.0500,0.0500,0.0500,0.0500,1.000000,0.0000
2021-11-12,PVGG06TNP6J8,0.0500,0.0500,0.0500,0.0500,0.0500,1.000000,0.0000
2021-11-15,PVGG06TNP6J8,0.0500,0.0500,0.0500,0.0500,0.0500,1.000000,0.0000
2021-11-16,PVGG06TNP6J8,0.0500,0.0500,0.0500,0.0500,0.0500,1.000000,0.0000
2021-11-17,PVGG06TNP6J8,0.0500,0.0500,0.0500,0.0500,0.0500,1.000000,0.0000
2021-11-18,PVGG06TNP6J8,0.0500,0.0500,0.0500,0.0500,0.0500,1.000000,0.0000
2021-11-19,PVGG06TNP6J8,0.0500,0.0500,0.0500,0.0500,0.0500,1.000000,0.0000
2021-11-22,PVGG06TNP6J8,0.0500,0.0500,0.0500,0.0500,0.0500,1.000000,0.0000
2021-11-23,PVGG06TNP6J8,0.0600,0.0600,0.0600,0.0600,0.0600,1.000000,0.0000
2021-11-24,PVGG06TNP6J8,0.0600,0.0600,0.0600,0.0600,0.0600,1.000000,0.0000
2021-11-26,PVGG06TNP6J8,0.0600,0.0600,0.0600,0.0600,0.0600,1.000000,0.0000
2021-11-29,PVGG06TNP6J8,0.0600,0.0600,0.0600,0.0600,0.0600,1.000000,0.0000
2021-11-30,PVGG06TNP6J8,0.0500,0.0500,0.0500,0.0500,0.0500,1.000000,0.0000
2021-12-01,PVGG06TNP6J8,0.0600,0.0600,0.0600,0.0600,0.0600,1.000000,0.0000
2021-12-02,PVGG06TNP6J8,0.0500,0.0500,0.0500,0.0500,0.0500,1.000000,0.0000
2021-12-03,PVGG06TNP6J8,0.0600,0.0600,0.0600,0.0600,0.0600,1.000000,0.0000
2021-12-06,PVGG06TNP6J8,0.0500,0.0500,0.0500,0.0500,0.0500,1.000000,0.0000
2021-12-07,PVGG06TNP6J8,0.0600,0.0600,0.0600,0.0600,0.0600,1.000000,0.0000
2021-12-08,PVGG06TNP6J8,0.0700,0.0700,0.0700,0.0700,0.0700,1.000000,0.0000
2021-12-09,PVGG06TNP6J8,0.0600,0.0600,0.0600,0.0600,0.0600,1.000000,0.0000
2021-12-10,PVGG06TNP6J8,0.0600,0.0600,0.0600,0.0600,0.0600,1.000000,0.0000
2021-12-13,PVGG06TNP6J8,0.0500,0.0500,0.0500,0.0500,0.0500,1.000000,0.0000
2021-12-14,PVGG06TNP6J8,0.0500,0.0500,0.0500,0.0500,0.0500,1.000000,0.0000
2021-12-15,PVGG06TNP6J8,0.0500,0.0500,0.0500,0.0500,0.0500,1.000000,0.0000
2021-12-16,PVGG06TNP6J8,0.0500,0.0500,0.0500,0.0500,0.0500,1.000000,0.0000
2021-12-17,PVGG06TNP6J8,0.0500,0.0500,0.0500,0.0500,0.0500,1.000000,0.0000
2021-12-20,PVGG06TNP6J8,0.0700,0.0700,0.0700,0.0700,0.0700,1.000000,0.0000
2021-12-21,PVGG06TNP6J8,0.0700,0.0700,0.0700,0.0700,0.0700,1.000000,0.0000
2021-12-22,PVGG06TNP6J8,0.0800,0.0800,0.0800,0.0800,0.0800,1.000000,0.0000
2021-12-23,PVGG06TNP6J8,0.0700,0.0700,0.0700,0.0700,0.0700,1.000000,0.0000
2021-12-27,PVGG06TNP6J8,0.0600,0.0600,0.0600,0.0600,0.0600,1.000000,0.0000
2021-12-28,PVGG06TNP6J8,0.0600,0.0600,0.0600,0.0600,0.0600,1.000000,0.0000
2021-12-29,PVGG06TNP6J8,0.0500,0.0500,0.0500,0.0500,0.0500,1.000000,0.0000
2021-12-30,PVGG06TNP6J8,0.0500,0.0500,0.0500,0.0500,0.0500,1.000000,0.0000
2021-12-31,PVGG06TNP6J8,0.0600,0.0600,0.0600,0.0600,0.0600,1.000000,0.0000
2022-01-03,PVGG06TNP6J8,0.0800,0.0800,0.0800,0.0800,0.0800,1.000000,0.0000
2022-01-04,PVGG06TNP6J8,0.0800,0.0800,0.0800,0.0800,0.0800,1.000000,0.0000
2022-01-05,PVGG06TNP6J8,0.0900,0.0900,0.0900,0.0900,0.0900,1.000000,0.0000
2022-01-06,PVGG06TNP6J8,0.1000,0.1000,0.1000,0.1000,0.1000,1.000000,0.0000
2022-01-07,PVGG06TNP6J8,0.1000,0.1000,0.1000,0.1000,0.1000,1.000000,0.0000
2022-01-10,PVGG06TNP6J8,0.1300,0.1300,0.1300,0.1300,0.1300,1.000000,0.0000
2022-01-11,PVGG06TNP6J8,0.1100,0.1100,0.1100,0.1100,0.1100,1.000000,0.0000
2022-01-12,PVGG06TNP6J8,0.1200,0.1200,0.1200,0.1200,0.1200,1.000000,0.0000
2022-01-13,PVGG06TNP6J8,0.1200,0.1200,0.1200,0.1200,0.1200,1.000000,0.0000
2022-01-14,PVGG06TNP6J8,0.1300,0.1300,0.1300,0.1300,0.1300,1.000000,0.0000
2022-01-18,PVGG06TNP6J8,0.1600,0.1600,0.1600,0.1600,0.1600,1.000000,0.0000
2022-01-19,PVGG06TNP6J8,0.1700,0.1700,0.1700,0.1700,0.1700,1.000000,0.0000
2022-01-20,PVGG06TNP6J8,0.1700,0.1700,0.1700,0.1700,0.1700,1.000000,0.0000
2022-01-21,PVGG06TNP6J8,0.1700,0.1700,0.1700,0.1700,0.1700,1.000000,0.0000
2022-01-24,PVGG06TNP6J8,0.1900,0.1900,0.1900,0.1900,0.1900,1.000000,0.0000
2022-01-25,PVGG06TNP6J8,0.1900,0.1900,0.1900,0.1900,0.1900,1.000000,0.0000
2022-01-26,PVGG06TNP6J8,0.1900,0.1900,0.1900,0.1900,0.1900,1.000000,0.0000
2022-01-27,PVGG06TNP6J8,0.2000,0.2000,0.2000,0.2000,0.2000,1.000000,0.0000
2022-01-28,PVGG06TNP6J8,0.1900,0.1900,0.1900,0.1900,0.1900,1.000000,0.0000
2022-01-31,PVGG06TNP6J8,0.2200,0.2200,0.2200,0.2200,0.2200,1.000000,0.0000
2022-02-01,PVGG06TNP6J8,0.1900,0.1900,0.1900,0.1900,0.1900,1.000000,0.0000
2022-02-02,PVGG06TNP6J8,0.1900,0.1900,0.1900,0.1900,0.1900,1.000000,0.0000
2022-02-03,PVGG06TNP6J8,0.2000,0.2000,0.2000,0.2000,0.2000,1.000000,0.0000
2022-02-04,PVGG06TNP6J8,0.2300,0.2300,0.2300,0.2300,0.2300,1.000000,0.0000
2022-02-07,PVGG06TNP6J8,0.2700,0.2700,0.2700,0.2700,0.2700,1.000000,0.0000
2022-02-08,PVGG06TNP6J8,0.2500,0.2500,0.2500,0.2500,0.2500,1.000000,0.0000
2022-02-09,PVGG06TNP6J8,0.2600,0.2600,0.2600,0.2600,0.2600,1.000000,0.0000
2022-02-10,PVGG06TNP6J8,0.4000,0.4000,0.4000,0.4000,0.4000,1.000000,0.0000
2022-02-11,PVGG06TNP6J8,0.3600,0.3600,0.3600,0.3600,0.3600,1.000000,0.0000
2022-02-14,PVGG06TNP6J8,0.4300,0.4300,0.4300,0.4300,0.4300,1.000000,0.0000
2022-02-15,PVGG06TNP6J8,0.4000,0.4000,0.4000,0.4000,0.4000,1.000000,0.0000
2022-02-16,PVGG06TNP6J8,0.3800,0.3800,0.3800,0.3800,0.3800,1.000000,0.0000
2022-02-17,PVGG06TNP6J8,0.3600,0.3600,0.3600,0.3600,0.3600,1.000000,0.0000
2022-02-18,PVGG06TNP6J8,0.3500,0.3500,0.3500,0.3500,0.3500,1.000000,0.0000
2022-02-22,PVGG06TNP6J8,0.3700,0.3700,0.3700,0.3700,0.3700,1.000000,0.0000
2022-02-23,PVGG06TNP6J8,0.3400,0.3400,0.3400,0.3400,0.3400,1.000000,0.0000
2022-02-24,PVGG06TNP6J8,0.3200,0.3200,0.3200,0.3200,0.3200,1.000000,0.0000
2022-02-25,PVGG06TNP6J8,0.3300,0.3300,0.3300,0.3300,0.3300,1.000000,0.0000
2022-02-28,PVGG06TNP6J8,0.3500,0.3500,0.3500,0.3500,0.3500,1.000000,0.0000
2022-03-01,PVGG06TNP6J8,0.3200,0.3200,0.3200,0.3200,0.3200,1.000000,0.0000
2022-03-02,PVGG06TNP6J8,0.3400,0.3400,0.3400,0.3400,0.3400,1.000000,0.0000
2022-03-03,PVGG06TNP6J8,0.3800,0.3800,0.3800,0.3800,0.3800,1.000000,0.0000
2022-03-04,PVGG06TNP6J8,0.3400,0.3400,0.3400,0.3400,0.3400,1.000000,0.0000
2022-03-07,PVGG06TNP6J8,0.3800,0.3800,0.3800,0.3800,0.3800,1.000000,0.0000
2022-03-08,PVGG06TNP6J8,0.3600,0.3600,0.3600,0.3600,0.3600,1.000000,0.0000
2022-03-09,PVGG06TNP6J8,0.3800,0.3800,0.3800,0.3800,0.3800,1.000000,0.0000
2022-03-10,PVGG06TNP6J8,0.3900,0.3900,0.3900,0.3900,0.3900,1.000000,0.0000
2022-03-11,PVGG06TNP6J8,0.4000,0.4000,0.4000,0.4000,0.4000,1.000000,0.0000
2022-03-14,PVGG06TNP6J8,0.4500,0.4500,0.4500,0.4500,0.4500,1.000000,0.0000
2022-03-15,PVGG06TNP6J8,0.4600,0.4600,0.4600,0.4600,0.4600,1.000000,0.0000
2022-03-16,PVGG06TNP6J8,0.4400,0.4400,0.4400,0.4400,0.4400,1.000000,0.0000
2022-03-17,PVGG06TNP6J8,0.4000,0.4000,0.4000,0.4000,0.4000,1.000000,0.0000
2022-03-18,PVGG06TNP6J8,0.4200,0.4200,0.4200,0.4200,0.4200,1.000000,0.0000
2022-03-21,PVGG06TNP6J8,0.5400,0.5400,0.5400,0.5400,0.5400,1.000000,0.0000
2022-03-22,PVGG06TNP6J8,0.5100,0.5100,0.5100,0.5100,0.5100,1.000000,0.0000
2022-03-23,PVGG06TNP6J8,0.5000,0.5000,0.5000,0.5000,0.5000,1.000000,0.0000
2022-03-24,PVGG06TNP6J8,0.5200,0.5200,0.5200,0.5200,0.5200,1.000000,0.0000
2022-03-25,PVGG06TNP6J8,0.5500,0.5500,0.5500,0.5500,0.5500,1.000000,0.0000
2022-03-28,PVGG06TNP6J8,0.5900,0.5900,0.5900,0.5900,0.5900,1.000000,0.0000
2022-03-29,PVGG06TNP6J8,0.5500,0.5500,0.5500,0.5500,0.5500,1.000000,0.0000
2022-03-30,PVGG06TNP6J8,0.5500,0.5500,0.5500,0.5500,0.5500,1.000000,0.0000
2022-03-31,PVGG06TNP6J8,0.5200,0.5200,0.5200,0.5200,0.5200,1.000000,0.0000
2022-04-01,PVGG06TNP6J8,0.5300,0.5300,0.5300,0.5300,0.5300,1.000000,0.0000
2022-04-04,PVGG06TNP6J8,0.6600,0.6600,0.6600,0.6600,0.6600,1.000000,0.0000
2022-04-05,PVGG06TNP6J8,0.6500,0.6500,0.6500,0.6500,0.6500,1.000000,0.0000
2022-04-06,PVGG06TNP6J8,0.6700,0.6700,0.6700,0.6700,0.6700,1.000000,0.0000
2022-04-07,PVGG06TNP6J8,0.6800,0.6800,0.6800,0.6800,0.6800,1.000000,0.0000
2022-04-08,PVGG06TNP6J8,0.7000,0.7000,0.7000,0.7000,0.7000,1.000000,0.0000
2022-04-11,PVGG06TNP6J8,0.7700,0.7700,0.7700,0.7700,0.7700,1.000000,0.0000
2022-04-12,PVGG06TNP6J8,0.7400,0.7400,0.7400,0.7400,0.7400,1.000000,0.0000
2022-04-13,PVGG06TNP6J8,0.7500,0.7500,0.7500,0.7500,0.7500,1.000000,0.0000
2022-04-14,PVGG06TNP6J8,0.7900,0.7900,0.7900,0.7900,0.7900,1.000000,0.0000
2022-04-18,PVGG06TNP6J8,0.8100,0.8100,0.8100,0.8100,0.8100,1.000000,0.0000
2022-04-19,PVGG06TNP6J8,0.8100,0.8100,0.8100,0.8100,0.8100,1.000000,0.0000
2022-04-20,PVGG06TNP6J8,0.8200,0.8200,0.8200,0.8200,0.8200,1.000000,0.0000
2022-04-21,PVGG06TNP6J8,0.8300,0.8300,0.8300,0.8300,0.8300,1.000000,0.0000
2022-04-22,PVGG06TNP6J8,0.8300,0.8300,0.8300,0.8300,0.8300,1.000000,0.0000
2022-04-25,PVGG06TNP6J8,0.9100,0.9100,0.9100,0.9100,0.9100,1.000000,0.0000
2022-04-26,PVGG06TNP6J8,0.8300,0.8300,0.8300,0.8300,0.8300,1.000000,0.0000
2022-04-27,PVGG06TNP6J8,0.8200,0.8200,0.8200,0.8200,0.8200,1.000000,0.0000
2022-04-28,PVGG06TNP6J8,0.8200,0.8200,0.8200,0.8200,0.8200,1.000000,0.0000
2022-04-29,PVGG06TNP6J8,0.8500,0.8500,0.8500,0.8500,0.8500,1.000000,0.0000
2022-05-02,PVGG06TNP6J8,0.9000,0.9000,0.9000,0.9000,0.9000,1.000000,0.0000
2022-05-03,PVGG06TNP6J8,0.9100,0.9100,0.9100,0.9100,0.9100,1.000000,0.0000
2022-05-04,PVGG06TNP6J8,0.8900,0.8900,0.8900,0.8900,0.8900,1.000000,0.0000
2022-05-05,PVGG06TNP6J8,0.8500,0.8500,0.8500,0.8500,0.8500,1.000000,0.0000
2022-05-06,PVGG06TNP6J8,0.8500,0.8500,0.8500,0.8500,0.8500,1.000000,0.0000
2022-05-09,PVGG06TNP6J8,0.9200,0.9200,0.9200,0.9200,0.9200,1.000000,0.0000
2022-05-10,PVGG06TNP6J8,0.8900,0.8900,0.8900,0.8900,0.8900,1.000000,0.0000
2022-05-11,PVGG06TNP6J8,0.9100,0.9100,0.9100,0.9100,0.9100,1.000000,0.0000
2022-05-12,PVGG06TNP6J8,0.9600,0.9600,0.9600,0.9600,0.9600,1.000000,0.0000
2022-05-13,PVGG06TNP6J8,1.0300,1.0300,1.0300,1.0300,1.0300,1.000000,0.0000
2022-05-16,PVGG06TNP6J8,1.0300,1.0300,1.0300,1.0300,1.0300,1.000000,0.0000
2022-05-17,PVGG06TNP6J8,1.0600,1.0600,1.0600,1.0600,1.0600,1.000000,0.0000
2022-05-18,PVGG06TNP6J8,1.0300,1.0300,1.0300,1.0300,1.0300,1.000000,0.0000
2022-05-19,PVGG06TNP6J8,1.0500,1.0500,1.0500,1.0500,1.0500,1.000000,0.0000
2022-05-20,PVGG06TNP6J8,1.0300,1.0300,1.0300,1.0300,1.0300,1.000000,0.0000
2022-05-23,PVGG06TNP6J8,1.0700,1.0700,1.0700,1.0700,1.0700,1.000000,0.0000
2022-05-24,PVGG06TNP6J8,1.0600,1.0600,1.0600,1.0600,1.0600,1.000000,0.0000
2022-05-25,PVGG06TNP6J8,1.0600,1.0600,1.0600,1.0600,1.0600,1.000000,0.0000
2022-05-26,PVGG06TNP6J8,1.0700,1.0700,1.0700,1.0700,1.0700,1.000000,0.0000
2022-05-27,PVGG06TNP6J8,1.0800,1.0800,1.0800,1.0800,1.0800,1.000000,0.0000
2022-05-31,PVGG06TNP6J8,1.1600,1.1600,1.1600,1.1600,1.1600,1.000000,0.0000
2022-06-01,PVGG06TNP6J8,1.1500,1.1500,1.1500,1.1500,1.1500,1.000000,0.0000
