event_date,ticker,close,adj_close
2010-06-29,TSLA,23.8900,4.7780
2010-06-30,TSLA,23.8300,4.7660
2010-07-01,TSLA,21.9600,4.3920
2010-07-02,TSLA,19.2000,3.8400
2010-07-06,TSLA,16.1100,3.2220
2010-07-07,TSLA,15.8000,3.1600
2010-07-08,TSLA,17.4600,3.4920
2010-07-09,TSLA,17.4000,3.4800
2010-07-12,TSLA,17.0500,3.4100
2010-07-13,TSLA,18.1400,3.6280
2010-07-14,TSLA,19.8400,3.9680
2010-07-15,TSLA,19.8900,3.9780
2010-07-16,TSLA,20.6400,4.1280
2010-07-19,TSLA,21.9100,4.3820
2010-07-20,TSLA,20.3000,4.0600
2010-07-21,TSLA,20.2200,4.0440
2010-07-22,TSLA,21.0000,4.2000
2010-07-23,TSLA,21.2900,4.2580
2010-07-26,TSLA,20.9500,4.1900
2010-07-27,TSLA,20.5500,4.1100
2010-07-28,TSLA,20.7200,4.1440
2010-07-29,TSLA,20.3500,4.0700
2010-07-30,TSLA,19.9400,3.9880
2010-08-02,TSLA,20.9200,4.1840
2010-08-03,TSLA,21.9500,4.3900
2010-08-04,TSLA,21.2600,4.2520
2010-08-05,TSLA,20.4500,4.0900
2010-08-06,TSLA,19.5900,3.9180
2010-08-09,TSLA,19.6000,3.9200
2010-08-10,TSLA,19.0300,3.8060
2010-08-11,TSLA,17.9000,3.5800
2010-08-12,TSLA,17.6000,3.5200
2010-08-13,TSLA,18.3200,3.6640
2010-08-16,TSLA,18.7800,3.7560
2010-08-17,TSLA,19.1500,3.8300
2010-08-18,TSLA,18.7700,3.7540
2010-08-19,TSLA,18.7900,3.7580
2010-08-20,TSLA,19.1000,3.8200
2010-08-23,TSLA,20.1300,4.0260
2010-08-24,TSLA,19.2000,3.8400
2010-08-25,TSLA,19.9000,3.9800
2010-08-26,TSLA,19.7500,3.9500
2010-08-27,TSLA,19.7000,3.9400
2010-08-30,TSLA,19.8700,3.9740
2010-08-31,TSLA,19.4800,3.8960
2010-09-01,TSLA,20.4500,4.0900
2010-09-02,TSLA,21.0600,4.2120
2010-09-03,TSLA,21.0500,4.2100
2010-09-07,TSLA,20.5400,4.1080
2010-09-08,TSLA,20.9000,4.1800
2010-09-09,TSLA,20.7100,4.1420
2010-09-10,TSLA,20.1700,4.0340
2010-09-13,TSLA,20.7200,4.1440
2010-09-14,TSLA,21.1200,4.2240
2010-09-15,TSLA,21.9800,4.3960
2010-09-16,TSLA,20.9400,4.1880
2010-09-17,TSLA,20.2300,4.0460
2010-09-20,TSLA,21.0550,4.2110
2010-09-21,TSLA,20.7700,4.1540
2010-09-22,TSLA,19.8700,3.9740
2010-09-23,TSLA,19.5600,3.9120
2010-09-24,TSLA,20.1000,4.0200
2010-09-27,TSLA,20.5300,4.1060
2010-09-28,TSLA,21.4000,4.2800
2010-09-29,TSLA,21.9800,4.3960
2010-09-30,TSLA,20.4050,4.0810
2010-10-01,TSLA,20.6000,4.1200
2010-10-04,TSLA,20.9900,4.1980
2010-10-05,TSLA,21.1200,4.2240
2010-10-06,TSLA,20.4600,4.0920
2010-10-07,TSLA,20.4300,4.0860
2010-10-08,TSLA,20.4300,4.0860
2010-10-11,TSLA,20.2400,4.0480
2010-10-12,TSLA,20.2400,4.0480
2010-10-13,TSLA,20.5400,4.1080
2010-10-14,TSLA,20.7500,4.1500
2010-10-15,TSLA,20.5400,4.1080
2010-10-18,TSLA,20.2300,4.0460
2010-10-19,TSLA,20.0500,4.0100
2010-10-20,TSLA,20.6500,4.1300
2010-10-21,TSLA,20.7500,4.1500
2010-10-22,TSLA,20.7200,4.1440
2010-10-25,TSLA,20.8500,4.1700
2010-10-26,TSLA,21.3600,4.2720
2010-10-27,TSLA,21.0000,4.2000
2010-10-28,TSLA,21.1900,4.2380
2010-10-29,TSLA,21.8400,4.3680
2010-11-01,TSLA,21.4100,4.2820
2010-11-02,TSLA,21.2500,4.2500
2010-11-03,TSLA,21.7700,4.3540
2010-11-04,TSLA,24.9000,4.9800
2010-11-05,TSLA,24.4400,4.8880
2010-11-08,TSLA,24.9800,4.9960
2010-11-09,TSLA,24.6300,4.9260
2010-11-10,TSLA,29.3600,5.8720
2010-11-11,TSLA,28.0350,5.6070
2010-11-12,TSLA,29.8400,5.9680
2010-11-15,TSLA,30.8000,6.1600
2010-11-16,TSLA,29.6700,5.9340
2010-11-17,TSLA,29.4900,5.8980
2010-11-18,TSLA,29.8900,5.9780
2010-11-19,TSLA,30.9900,6.1980
2010-11-22,TSLA,33.4000,6.6800
2010-11-23,TSLA,34.5700,6.9140
2010-11-24,TSLA,35.4700,7.0940
2010-11-26,TSLA,35.3200,7.0640
2010-11-29,TSLA,34.3300,6.8660
2010-11-30,TSLA,35.3300,7.0660
2010-12-01,TSLA,34.3500,6.8700
2010-12-02,TSLA,32.3500,6.4700
2010-12-03,TSLA,31.4900,6.2980
2010-12-06,TSLA,30.3100,6.0620
2010-12-07,TSLA,31.5600,6.3120
2010-12-08,TSLA,32.3700,6.4740
2010-12-09,TSLA,32.0500,6.4100
2010-12-10,TSLA,31.5200,6.3040
2010-12-13,TSLA,30.5500,6.1100
2010-12-14,TSLA,28.5300,5.7060
2010-12-15,TSLA,29.6000,5.9200
2010-12-16,TSLA,30.8100,6.1620
2010-12-17,TSLA,31.3600,6.2720
2010-12-20,TSLA,31.7000,6.3400
2010-12-21,TSLA,32.2600,6.4520
2010-12-22,TSLA,32.6300,6.5260
2010-12-23,TSLA,30.0900,6.0180
2010-12-27,TSLA,25.5490,5.1098
2010-12-28,TSLA,26.4100,5.2820
2010-12-29,TSLA,27.7300,5.5460
2010-12-30,TSLA,26.5000,5.3000
2010-12-31,TSLA,26.6300,5.3260
2011-01-03,TSLA,26.6200,5.3240
2011-01-04,TSLA,26.6700,5.3340
2011-01-05,TSLA,26.8300,5.3660
2011-01-06,TSLA,27.8800,5.5760
2011-01-07,TSLA,28.2400,5.6480
2011-01-10,TSLA,28.4500,5.6900
2011-01-11,TSLA,26.9600,5.3920
2011-01-12,TSLA,26.9600,5.3920
2011-01-13,TSLA,26.2200,5.2440
2011-01-14,TSLA,25.7500,5.1500
2011-01-18,TSLA,25.6400,5.1280
2011-01-19,TSLA,24.0300,4.8060
2011-01-20,TSLA,22.6200,4.5240
2011-01-21,TSLA,23.0400,4.6080
2011-01-24,TSLA,24.4900,4.8980
2011-01-25,TSLA,24.6800,4.9360
2011-01-26,TSLA,24.7500,4.9500
2011-01-27,TSLA,24.9200,4.9840
2011-01-28,TSLA,24.0100,4.8020
2011-01-31,TSLA,24.1000,4.8200
2011-02-01,TSLA,23.9100,4.7820
2011-02-02,TSLA,23.9400,4.7880
2011-02-03,TSLA,23.6300,4.7260
2011-02-04,TSLA,23.4600,4.6920
2011-02-07,TSLA,23.0700,4.6140
2011-02-08,TSLA,24.4900,4.8980
2011-02-09,TSLA,23.2100,4.6420
2011-02-10,TSLA,23.2150,4.6430
2011-02-11,TSLA,23.2500,4.6500
2011-02-14,TSLA,23.0800,4.6160
2011-02-15,TSLA,22.8400,4.5680
2011-02-16,TSLA,24.7300,4.9460
2011-02-17,TSLA,23.6000,4.7200
2011-02-18,TSLA,23.1800,4.6360
2011-02-22,TSLA,21.8700,4.3740
2011-02-23,TSLA,21.8300,4.3660
2011-02-24,TSLA,22.5300,4.5060
2011-02-25,TSLA,23.6100,4.7220
2011-02-28,TSLA,23.8900,4.7780
2011-03-01,TSLA,23.9400,4.7880
2011-03-02,TSLA,24.0200,4.8040
2011-03-03,TSLA,24.3600,4.8720
2011-03-04,TSLA,24.9500,4.9900
2011-03-07,TSLA,24.9400,4.9880
2011-03-08,TSLA,24.6600,4.9320
2011-03-09,TSLA,24.7200,4.9440
2011-03-10,TSLA,24.0100,4.8020
2011-03-11,TSLA,24.0700,4.8140
2011-03-14,TSLA,23.2500,4.6500
2011-03-15,TSLA,22.9500,4.5900
2011-03-16,TSLA,22.8200,4.5640
2011-03-17,TSLA,22.8100,4.5620
2011-03-18,TSLA,22.9600,4.5920
2011-03-21,TSLA,22.7300,4.5460
2011-03-22,TSLA,22.1900,4.4380
2011-03-23,TSLA,22.2100,4.4420
2011-03-24,TSLA,22.3300,4.4660
2011-03-25,TSLA,22.7500,4.5500
2011-03-28,TSLA,23.2500,4.6500
2011-03-29,TSLA,23.9200,4.7840
2011-03-30,TSLA,23.7100,4.7420
2011-03-31,TSLA,27.7500,5.5500
2011-04-01,TSLA,26.6600,5.3320
2011-04-04,TSLA,25.8300,5.1660
2011-04-05,TSLA,26.7000,5.3400
2011-04-06,TSLA,26.4900,5.2980
2011-04-07,TSLA,27.2400,5.4480
2011-04-08,TSLA,26.4900,5.2980
2011-04-11,TSLA,25.2700,5.0540
2011-04-12,TSLA,24.6500,4.9300
2011-04-13,TSLA,24.9300,4.9860
2011-04-14,TSLA,25.1400,5.0280
2011-04-15,TSLA,25.5800,5.1160
2011-04-18,TSLA,25.0300,5.0060
2011-04-19,TSLA,25.1600,5.0320
2011-04-20,TSLA,25.7500,5.1500
2011-04-21,TSLA,26.7400,5.3480
2011-04-25,TSLA,26.3900,5.2780
2011-04-26,TSLA,26.9300,5.3860
2011-04-27,TSLA,27.0800,5.4160
2011-04-28,TSLA,27.6600,5.5320
2011-04-29,TSLA,27.6000,5.5200
2011-05-02,TSLA,27.4500,5.4900
2011-05-03,TSLA,26.8700,5.3740
2011-05-04,TSLA,26.6900,5.3380
2011-05-05,TSLA,26.4400,5.2880
2011-05-06,TSLA,27.1200,5.4240
2011-05-09,TSLA,27.9100,5.5820
2011-05-10,TSLA,28.3300,5.6660
2011-05-11,TSLA,27.0700,5.4140
2011-05-12,TSLA,27.6700,5.5340
2011-05-13,TSLA,27.5500,5.5100
2011-05-16,TSLA,26.6000,5.3200
2011-05-17,TSLA,25.9600,5.1920
2011-05-18,TSLA,26.3500,5.2700
2011-05-19,TSLA,28.2000,5.6400
2011-05-20,TSLA,27.9700,5.5940
2011-05-23,TSLA,26.8200,5.3640
2011-05-24,TSLA,26.7200,5.3440
2011-05-25,TSLA,28.9800,5.7960
2011-05-26,TSLA,29.4800,5.8960
2011-05-27,TSLA,29.5500,5.9100
2011-05-31,TSLA,30.1400,6.0280
2011-06-01,TSLA,28.5170,5.7034
2011-06-02,TSLA,28.7600,5.7520
2011-06-03,TSLA,30.1300,6.0260
2011-06-06,TSLA,28.7000,5.7400
2011-06-07,TSLA,28.3700,5.6740
2011-06-08,TSLA,27.1200,5.4240
2011-06-09,TSLA,27.6200,5.5240
2011-06-10,TSLA,27.8600,5.5720
2011-06-13,TSLA,28.4300,5.6860
2011-06-14,TSLA,28.6000,5.7200
2011-06-15,TSLA,27.3200,5.4640
2011-06-16,TSLA,26.5000,5.3000
2011-06-17,TSLA,26.5000,5.3000
2011-06-20,TSLA,26.0100,5.2020
2011-06-21,TSLA,27.5300,5.5060
2011-06-22,TSLA,27.2100,5.4420
2011-06-23,TSLA,27.7100,5.5420
2011-06-24,TSLA,27.5650,5.5130
2011-06-27,TSLA,27.4600,5.4920
2011-06-28,TSLA,28.1100,5.6220
2011-06-29,TSLA,28.2900,5.6580
2011-06-30,TSLA,29.1300,5.8260
2011-07-01,TSLA,29.0200,5.8040
2011-07-05,TSLA,29.1400,5.8280
2011-07-06,TSLA,28.9600,5.7920
2011-07-07,TSLA,29.7300,5.9460
2011-07-08,TSLA,28.8100,5.7620
2011-07-11,TSLA,28.3500,5.6700
2011-07-12,TSLA,28.1700,5.6340
2011-07-13,TSLA,28.6400,5.7280
2011-07-14,TSLA,27.6100,5.5220
2011-07-15,TSLA,27.5800,5.5160
2011-07-18,TSLA,27.2300,5.4460
2011-07-19,TSLA,27.8900,5.5780
2011-07-20,TSLA,28.6900,5.7380
2011-07-21,TSLA,28.7000,5.7400
2011-07-22,TSLA,29.2900,5.8580
2011-07-25,TSLA,28.4900,5.6980
2011-07-26,TSLA,28.0000,5.6000
2011-07-27,TSLA,27.6400,5.5280
2011-07-28,TSLA,28.1700,5.6340
2011-07-29,TSLA,28.1700,5.6340
2011-08-01,TSLA,28.7700,5.7540
2011-08-02,TSLA,27.3400,5.4680
2011-08-03,TSLA,27.2000,5.4400
2011-08-04,TSLA,24.7500,4.9500
2011-08-05,TSLA,24.2400,4.8480
2011-08-08,TSLA,23.6400,4.7280
2011-08-09,TSLA,25.0600,5.0120
2011-08-10,TSLA,23.8200,4.7640
2011-08-11,TSLA,25.3000,5.0600
2011-08-12,TSLA,26.3100,5.2620
2011-08-15,TSLA,26.2300,5.2460
2011-08-16,TSLA,26.1000,5.2200
2011-08-17,TSLA,25.8300,5.1660
2011-08-18,TSLA,24.2600,4.8520
2011-08-19,TSLA,22.3000,4.4600
2011-08-22,TSLA,21.9500,4.3900
2011-08-23,TSLA,22.9600,4.5920
2011-08-24,TSLA,23.8700,4.7740
2011-08-25,TSLA,23.1100,4.6220
2011-08-26,TSLA,23.7300,4.7460
2011-08-29,TSLA,24.7100,4.9420
2011-08-30,TSLA,24.6300,4.9260
2011-08-31,TSLA,24.7400,4.9480
2011-09-01,TSLA,24.0000,4.8000
2011-09-02,TSLA,23.0700,4.6140
2011-09-06,TSLA,22.9400,4.5880
2011-09-07,TSLA,23.8400,4.7680
2011-09-08,TSLA,23.6100,4.7220
2011-09-09,TSLA,22.9700,4.5940
2011-09-12,TSLA,22.8800,4.5760
2011-09-13,TSLA,24.0800,4.8160
2011-09-14,TSLA,24.3400,4.8680
2011-09-15,TSLA,24.8200,4.9640
2011-09-16,TSLA,25.8000,5.1600
2011-09-19,TSLA,25.7700,5.1540
2011-09-20,TSLA,26.0100,5.2020
2011-09-21,TSLA,25.8500,5.1700
2011-09-22,TSLA,25.6300,5.1260
2011-09-23,TSLA,26.3800,5.2760
2011-09-26,TSLA,25.5200,5.1040
2011-09-27,TSLA,26.1900,5.2380
2011-09-28,TSLA,24.5900,4.9180
2011-09-29,TSLA,24.1200,4.8240
2011-09-30,TSLA,24.3900,4.8780
2011-10-03,TSLA,23.7300,4.7460
2011-10-04,TSLA,23.6600,4.7320
2011-10-05,TSLA,25.3700,5.0740
2011-10-06,TSLA,26.9600,5.3920
2011-10-07,TSLA,26.9900,5.3980
2011-10-10,TSLA,27.8800,5.5760
2011-10-11,TSLA,27.6100,5.5220
2011-10-12,TSLA,27.8000,5.5600
2011-10-13,TSLA,27.9400,5.5880
2011-10-14,TSLA,28.0500,5.6100
2011-10-17,TSLA,27.4200,5.4840
2011-10-18,TSLA,28.3400,5.6680
2011-10-19,TSLA,27.5700,5.5140
2011-10-20,TSLA,27.3400,5.4680
2011-10-21,TSLA,28.0300,5.6060
2011-10-24,TSLA,28.5500,5.7100
2011-10-25,TSLA,28.2500,5.6500
2011-10-26,TSLA,27.9800,5.5960
2011-10-27,TSLA,28.7600,5.7520
2011-10-28,TSLA,29.8700,5.9740
2011-10-31,TSLA,29.3700,5.8740
2011-11-01,TSLA,28.8800,5.7760
2011-11-02,TSLA,28.7100,5.7420
2011-11-03,TSLA,32.4600,6.4920
2011-11-04,TSLA,32.3100,6.4620
2011-11-07,TSLA,31.2700,6.2540
2011-11-08,TSLA,31.8400,6.3680
2011-11-09,TSLA,30.8800,6.1760
2011-11-10,TSLA,31.3300,6.2660
2011-11-11,TSLA,33.6400,6.7280
2011-11-14,TSLA,33.2200,6.6440
2011-11-15,TSLA,33.9300,6.7860
2011-11-16,TSLA,34.9400,6.9880
2011-11-17,TSLA,33.6800,6.7360
2011-11-18,TSLA,32.6000,6.5200
2011-11-21,TSLA,31.7600,6.3520
2011-11-22,TSLA,32.0700,6.4140
2011-11-23,TSLA,31.4500,6.2900
2011-11-25,TSLA,31.6600,6.3320
2011-11-28,TSLA,32.5600,6.5120
2011-11-29,TSLA,31.7500,6.3500
2011-11-30,TSLA,32.7400,6.5480
2011-12-01,TSLA,32.6000,6.5200
2011-12-02,TSLA,33.3000,6.6600
2011-12-05,TSLA,34.4200,6.8840
2011-12-06,TSLA,34.8700,6.9740
2011-12-07,TSLA,34.1900,6.8380
2011-12-08,TSLA,30.8900,6.1780
2011-12-09,TSLA,31.0400,6.2080
2011-12-12,TSLA,30.4100,6.0820
2011-12-13,TSLA,29.4500,5.8900
2011-12-14,TSLA,28.5300,5.7060
2011-12-15,TSLA,28.6200,5.7240
2011-12-16,TSLA,28.0000,5.6000
2011-12-19,TSLA,27.7500,5.5500
2011-12-20,TSLA,27.9000,5.5800
2011-12-21,TSLA,27.5700,5.5140
2011-12-22,TSLA,27.7700,5.5540
2011-12-23,TSLA,27.9000,5.5800
2011-12-27,TSLA,28.5700,5.7140
2011-12-28,TSLA,28.5100,5.7020
2011-12-29,TSLA,28.7300,5.7460
2011-12-30,TSLA,28.5600,5.7120
2012-01-03,TSLA,28.0800,5.6160
2012-01-04,TSLA,27.7100,5.5420
2012-01-05,TSLA,27.1200,5.4240
2012-01-06,TSLA,26.9100,5.3820
2012-01-09,TSLA,27.2500,5.4500
2012-01-10,TSLA,27.6200,5.5240
2012-01-11,TSLA,28.2300,5.6460
2012-01-12,TSLA,28.2500,5.6500
2012-01-13,TSLA,22.7900,4.5580
2012-01-17,TSLA,26.6000,5.3200
2012-01-18,TSLA,26.8100,5.3620
2012-01-19,TSLA,26.7600,5.3520
2012-01-20,TSLA,26.6000,5.3200
2012-01-23,TSLA,26.7700,5.3540
2012-01-24,TSLA,27.4200,5.4840
2012-01-25,TSLA,27.9700,5.5940
2012-01-26,TSLA,28.9400,5.7880
2012-01-27,TSLA,29.3300,5.8660
2012-01-30,TSLA,29.5700,5.9140
2012-01-31,TSLA,29.0700,5.8140
2012-02-01,TSLA,29.5800,5.9160
2012-02-02,TSLA,30.2500,6.0500
2012-02-03,TSLA,31.1500,6.2300
2012-02-06,TSLA,31.8000,6.3600
2012-02-07,TSLA,31.6000,6.3200
2012-02-08,TSLA,31.9300,6.3860
2012-02-09,TSLA,32.5800,6.5160
2012-02-10,TSLA,31.1000,6.2200
2012-02-13,TSLA,31.4900,6.2980
2012-02-14,TSLA,33.1700,6.6340
2012-02-15,TSLA,33.6000,6.7200
2012-02-16,TSLA,34.1800,6.8360
2012-02-17,TSLA,34.9700,6.9940
2012-02-21,TSLA,34.5000,6.9000
2012-02-22,TSLA,34.2200,6.8440
2012-02-23,TSLA,34.5300,6.9060
2012-02-24,TSLA,33.7500,6.7500
2012-02-27,TSLA,33.6200,6.7240
2012-02-28,TSLA,33.8100,6.7620
2012-02-29,TSLA,33.4100,6.6820
2012-03-01,TSLA,34.4100,6.8820
2012-03-02,TSLA,34.0400,6.8080
2012-03-05,TSLA,33.7700,6.7540
2012-03-06,TSLA,33.1100,6.6220
2012-03-07,TSLA,33.1200,6.6240
2012-03-08,TSLA,33.0700,6.6140
2012-03-09,TSLA,34.7400,6.9480
2012-03-12,TSLA,36.0100,7.2020
2012-03-13,TSLA,36.0900,7.2180
2012-03-14,TSLA,35.2900,7.0580
2012-03-15,TSLA,35.0000,7.0000
2012-03-16,TSLA,35.3200,7.0640
2012-03-19,TSLA,34.9800,6.9960
2012-03-20,TSLA,34.9600,6.9920
2012-03-21,TSLA,35.1500,7.0300
2012-03-22,TSLA,34.4000,6.8800
2012-03-23,TSLA,34.0800,6.8160
2012-03-26,TSLA,37.4000,7.4800
2012-03-27,TSLA,37.9400,7.5880
2012-03-28,TSLA,37.8500,7.5700
2012-03-29,TSLA,37.3300,7.4660
2012-03-30,TSLA,37.2400,7.4480
2012-04-02,TSLA,36.5800,7.3160
2012-04-03,TSLA,38.0100,7.6020
2012-04-04,TSLA,35.0000,7.0000
2012-04-05,TSLA,34.4800,6.8960
2012-04-09,TSLA,33.1500,6.6300
2012-04-10,TSLA,32.4600,6.4920
2012-04-11,TSLA,33.0900,6.6180
2012-04-12,TSLA,33.4400,6.6880
2012-04-13,TSLA,33.5900,6.7180
2012-04-16,TSLA,32.2500,6.4500
2012-04-17,TSLA,32.2400,6.4480
2012-04-18,TSLA,32.6600,6.5320
2012-04-19,TSLA,33.1600,6.6320
2012-04-20,TSLA,33.1600,6.6320
2012-04-23,TSLA,31.9400,6.3880
2012-04-24,TSLA,31.8200,6.3640
2012-04-25,TSLA,32.9100,6.5820
2012-04-26,TSLA,33.4900,6.6980
2012-04-27,TSLA,33.3400,6.6680
2012-04-30,TSLA,33.1300,6.6260
2012-05-01,TSLA,33.7800,6.7560
2012-05-02,TSLA,33.9400,6.7880
2012-05-03,TSLA,32.4600,6.4920
2012-05-04,TSLA,31.8300,6.3660
2012-05-07,TSLA,32.4700,6.4940
2012-05-08,TSLA,30.1900,6.0380
2012-05-09,TSLA,30.0600,6.0120
2012-05-10,TSLA,32.9600,6.5920
2012-05-11,TSLA,32.2500,6.4500
2012-05-14,TSLA,30.0600,6.0120
2012-05-15,TSLA,29.4300,5.8860
2012-05-16,TSLA,29.1800,5.8360
2012-05-17,TSLA,28.5700,5.7140
2012-05-18,TSLA,27.5600,5.5120
2012-05-21,TSLA,28.7700,5.7540
2012-05-22,TSLA,30.7900,6.1580
2012-05-23,TSLA,31.0200,6.2040
2012-05-24,TSLA,30.3200,6.0640
2012-05-25,TSLA,29.8100,5.9620
2012-05-29,TSLA,31.6900,6.3380
2012-05-30,TSLA,30.4100,6.0820
2012-05-31,TSLA,29.5000,5.9000
2012-06-01,TSLA,28.1500,5.6300
2012-06-04,TSLA,27.8800,5.5760
2012-06-05,TSLA,27.9100,5.5820
2012-06-06,TSLA,29.2200,5.8440
2012-06-07,TSLA,28.9300,5.7860
2012-06-08,TSLA,30.0800,6.0160
2012-06-11,TSLA,29.1200,5.8240
2012-06-12,TSLA,29.6600,5.9320
2012-06-13,TSLA,29.7700,5.9540
2012-06-14,TSLA,29.3900,5.8780
2012-06-15,TSLA,29.9100,5.9820
2012-06-18,TSLA,31.8400,6.3680
2012-06-19,TSLA,32.0900,6.4180
2012-06-20,TSLA,33.7800,6.7560
2012-06-21,TSLA,32.1900,6.4380
2012-06-22,TSLA,33.7850,6.7570
2012-06-25,TSLA,33.1100,6.6220
2012-06-26,TSLA,31.6100,6.3220
2012-06-27,TSLA,31.9600,6.3920
2012-06-28,TSLA,31.4100,6.2820
2012-06-29,TSLA,31.2900,6.2580
2012-07-02,TSLA,30.4000,6.0800
2012-07-03,TSLA,30.6600,6.1320
2012-07-05,TSLA,31.2300,6.2460
2012-07-06,TSLA,30.9900,6.1980
2012-07-09,TSLA,31.4900,6.2980
2012-07-10,TSLA,31.2700,6.2540
2012-07-11,TSLA,31.5100,6.3020
2012-07-12,TSLA,32.7000,6.5400
2012-07-13,TSLA,34.2500,6.8500
2012-07-16,TSLA,35.9600,7.1920
2012-07-17,TSLA,33.3500,6.6700
2012-07-18,TSLA,32.1500,6.4300
2012-07-19,TSLA,32.2700,6.4540
2012-07-20,TSLA,31.7900,6.3580
2012-07-23,TSLA,30.6600,6.1320
2012-07-24,TSLA,29.8400,5.9680
2012-07-25,TSLA,28.9500,5.7900
2012-07-26,TSLA,28.1300,5.6260
2012-07-27,TSLA,29.5100,5.9020
2012-07-30,TSLA,27.3500,5.4700
2012-07-31,TSLA,27.4200,5.4840
2012-08-01,TSLA,26.2500,5.2500
2012-08-02,TSLA,26.1000,5.2200
2012-08-03,TSLA,27.2700,5.4540
2012-08-06,TSLA,28.2700,5.6540
2012-08-07,TSLA,30.2500,6.0500
2012-08-08,TSLA,29.0900,5.8180
2012-08-09,TSLA,29.4100,5.8820
2012-08-10,TSLA,29.9400,5.9880
2012-08-13,TSLA,31.1700,6.2340
2012-08-14,TSLA,29.4200,5.8840
2012-08-15,TSLA,29.4000,5.8800
2012-08-16,TSLA,30.3000,6.0600
2012-08-17,TSLA,30.0100,6.0020
2012-08-20,TSLA,29.5100,5.9020
2012-08-21,TSLA,29.1100,5.8220
2012-08-22,TSLA,29.9500,5.9900
2012-08-23,TSLA,30.7300,6.1460
2012-08-24,TSLA,29.5000,5.9000
2012-08-27,TSLA,28.3200,5.6640
2012-08-28,TSLA,28.6900,5.7380
2012-08-29,TSLA,28.4100,5.6820
2012-08-30,TSLA,28.4100,5.6820
2012-08-31,TSLA,28.5200,5.7040
2012-09-04,TSLA,28.1400,5.6280
2012-09-05,TSLA,27.9400,5.5880
2012-09-06,TSLA,28.5500,5.7100
2012-09-07,TSLA,29.3500,5.8700
2012-09-10,TSLA,27.3700,5.4740
2012-09-11,TSLA,27.8000,5.5600
2012-09-12,TSLA,28.2800,5.6560
2012-09-13,TSLA,29.4800,5.8960
2012-09-14,TSLA,30.3900,6.0780
2012-09-17,TSLA,32.5400,6.5080
2012-09-18,TSLA,31.3400,6.2680
2012-09-19,TSLA,31.0500,6.2100
2012-09-20,TSLA,30.9000,6.1800
2012-09-21,TSLA,30.0200,6.0040
2012-09-24,TSLA,30.6600,6.1320
2012-09-25,TSLA,27.6600,5.5320
2012-09-26,TSLA,27.5400,5.5080
2012-09-27,TSLA,28.4900,5.6980
2012-09-28,TSLA,29.2800,5.8560
2012-10-01,TSLA,29.1600,5.8320
2012-10-02,TSLA,29.8000,5.9600
2012-10-03,TSLA,29.3000,5.8600
2012-10-04,TSLA,29.4000,5.8800
2012-10-05,TSLA,28.8900,5.7780
2012-10-08,TSLA,29.2500,5.8500
2012-10-09,TSLA,28.3700,5.6740
2012-10-10,TSLA,28.4000,5.6800
2012-10-11,TSLA,28.3200,5.6640
2012-10-12,TSLA,27.6400,5.5280
2012-10-15,TSLA,27.3300,5.4660
2012-10-16,TSLA,28.0600,5.6120
2012-10-17,TSLA,28.8191,5.7638
2012-10-18,TSLA,28.0400,5.6080
2012-10-19,TSLA,27.7400,5.5480
2012-10-22,TSLA,27.8500,5.5700
2012-10-23,TSLA,28.3900,5.6780
2012-10-24,TSLA,27.4200,5.4840
2012-10-25,TSLA,27.5200,5.5040
2012-10-26,TSLA,27.3800,5.4760
2012-10-31,TSLA,28.1314,5.6263
2012-11-01,TSLA,29.2454,5.8491
2012-11-02,TSLA,28.9182,5.7836
2012-11-05,TSLA,31.5000,6.3000
2012-11-06,TSLA,31.1500,6.2300
2012-11-07,TSLA,31.5400,6.3080
2012-11-08,TSLA,31.3100,6.2620
2012-11-09,TSLA,30.3200,6.0640
2012-11-12,TSLA,31.0700,6.2140
2012-11-13,TSLA,31.6143,6.3229
2012-11-14,TSLA,31.3800,6.2760
2012-11-15,TSLA,30.8200,6.1640
2012-11-16,TSLA,31.8399,6.3680
2012-11-19,TSLA,32.9200,6.5840
2012-11-20,TSLA,33.0000,6.6000
2012-11-21,TSLA,32.4700,6.4940
2012-11-23,TSLA,32.1300,6.4260
2012-11-26,TSLA,32.2700,6.4540
2012-11-27,TSLA,32.1500,6.4300
2012-11-28,TSLA,33.2300,6.6460
2012-11-29,TSLA,33.6900,6.7380
2012-11-30,TSLA,33.8200,6.7640
2012-12-03,TSLA,34.6200,6.9240
2012-12-04,TSLA,33.9000,6.7800
2012-12-05,TSLA,33.7100,6.7420
2012-12-06,TSLA,33.9000,6.7800
2012-12-07,TSLA,34.1700,6.8340
2012-12-10,TSLA,34.5700,6.9140
2012-12-11,TSLA,35.2800,7.0560
2012-12-12,TSLA,35.2600,7.0520
2012-12-13,TSLA,33.6100,6.7220
2012-12-14,TSLA,33.8100,6.7620
2012-12-17,TSLA,34.4000,6.8800
2012-12-18,TSLA,34.5900,6.9180
2012-12-19,TSLA,34.6100,6.9220
2012-12-20,TSLA,34.4300,6.8860
2012-12-21,TSLA,34.0000,6.8000
2012-12-24,TSLA,34.2800,6.8560
2012-12-26,TSLA,33.5900,6.7180
2012-12-27,TSLA,33.6900,6.7380
2012-12-28,TSLA,33.2200,6.6440
2012-12-31,TSLA,33.8700,6.7740
2013-01-02,TSLA,35.3600,7.0720
2013-01-03,TSLA,34.7700,6.9540
2013-01-04,TSLA,34.4000,6.8800
2013-01-07,TSLA,34.3400,6.8680
2013-01-08,TSLA,33.6800,6.7360
2013-01-09,TSLA,33.6400,6.7280
2013-01-10,TSLA,33.5300,6.7060
2013-01-11,TSLA,32.9100,6.5820
2013-01-14,TSLA,33.2600,6.6520
2013-01-15,TSLA,33.9000,6.7800
2013-01-16,TSLA,34.1000,6.8200
2013-01-17,TSLA,34.3800,6.8760
2013-01-18,TSLA,34.5200,6.9040
2013-01-22,TSLA,35.1900,7.0380
2013-01-23,TSLA,36.0000,7.2000
2013-01-24,TSLA,36.9900,7.3980
2013-01-25,TSLA,36.9800,7.3960
2013-01-28,TSLA,38.0300,7.6060
2013-01-29,TSLA,37.9500,7.5900
2013-01-30,TSLA,37.5200,7.5040
2013-01-31,TSLA,37.5100,7.5020
2013-02-01,TSLA,38.3000,7.6600
2013-02-04,TSLA,37.7400,7.5480
2013-02-05,TSLA,38.1300,7.6260
2013-02-06,TSLA,39.1700,7.8340
2013-02-07,TSLA,39.4800,7.8960
2013-02-08,TSLA,39.2400,7.8480
2013-02-11,TSLA,38.4200,7.6840
2013-02-12,TSLA,37.8900,7.5780
2013-02-13,TSLA,38.4500,7.6900
2013-02-14,TSLA,38.3000,7.6600
2013-02-15,TSLA,37.0400,7.4080
2013-02-19,TSLA,39.2800,7.8560
2013-02-20,TSLA,38.5400,7.7080
2013-02-21,TSLA,35.1600,7.0320
2013-02-22,TSLA,36.1100,7.2220
2013-02-25,TSLA,34.3800,6.8760
2013-02-26,TSLA,34.4300,6.8860
2013-02-27,TSLA,35.1000,7.0200
2013-02-28,TSLA,34.8300,6.9660
2013-03-01,TSLA,34.6500,6.9300
2013-03-04,TSLA,35.5800,7.1160
2013-03-05,TSLA,36.6500,7.3300
2013-03-06,TSLA,37.6900,7.5380
2013-03-07,TSLA,38.2300,7.6460
2013-03-08,TSLA,38.4700,7.6940
2013-03-11,TSLA,39.1000,7.8200
2013-03-12,TSLA,39.1200,7.8240
2013-03-13,TSLA,38.9800,7.7960
2013-03-14,TSLA,36.8500,7.3700
2013-03-15,TSLA,35.2900,7.0580
2013-03-18,TSLA,35.1500,7.0300
2013-03-19,TSLA,35.0800,7.0160
2013-03-20,TSLA,35.9500,7.1900
2013-03-21,TSLA,36.0100,7.2020
2013-03-22,TSLA,36.6200,7.3240
2013-03-25,TSLA,37.5300,7.5060
2013-03-26,TSLA,37.8600,7.5720
2013-03-27,TSLA,38.1600,7.6320
2013-03-28,TSLA,37.8900,7.5780
2013-04-01,TSLA,43.9300,8.7860
2013-04-02,TSLA,44.3400,8.8680
2013-04-03,TSLA,41.1000,8.2200
2013-04-04,TSLA,42.0100,8.4020
2013-04-05,TSLA,41.3700,8.2740
2013-04-08,TSLA,41.8300,8.3660
2013-04-09,TSLA,40.5000,8.1000
2013-04-10,TSLA,41.8600,8.3720
2013-04-11,TSLA,43.5900,8.7180
2013-04-12,TSLA,43.7500,8.7500
2013-04-15,TSLA,43.3000,8.6600
2013-04-16,TSLA,45.5900,9.1180
2013-04-17,TSLA,45.4500,9.0900
2013-04-18,TSLA,46.9700,9.3940
2013-04-19,TSLA,47.8300,9.5660
2013-04-22,TSLA,50.1900,10.0380
2013-04-23,TSLA,51.0100,10.2020
2013-04-24,TSLA,50.4300,10.0860
2013-04-25,TSLA,52.0000,10.4000
2013-04-26,TSLA,51.2000,10.2400
2013-04-29,TSLA,54.9400,10.9880
2013-04-30,TSLA,53.9900,10.7980
2013-05-01,TSLA,53.2800,10.6560
2013-05-02,TSLA,54.1100,10.8220
2013-05-03,TSLA,54.5500,10.9100
2013-05-06,TSLA,59.5000,11.9000
2013-05-07,TSLA,55.5100,11.1020
2013-05-08,TSLA,55.7865,11.1573
2013-05-09,TSLA,69.4000,13.8800
2013-05-10,TSLA,76.7640,15.3528
2013-05-13,TSLA,87.8000,17.5600
2013-05-14,TSLA,83.2400,16.6480
2013-05-15,TSLA,84.8420,16.9684
2013-05-16,TSLA,92.2480,18.4496
2013-05-17,TSLA,91.5000,18.3000
2013-05-20,TSLA,89.9400,17.9880
2013-05-21,TSLA,87.5900,17.5180
2013-05-22,TSLA,87.2400,17.4480
2013-05-23,TSLA,92.7300,18.5460
2013-05-24,TSLA,97.0800,19.4160
2013-05-28,TSLA,110.3340,22.0668
2013-05-29,TSLA,104.6290,20.9258
2013-05-30,TSLA,104.9500,20.9900
2013-05-31,TSLA,97.7600,19.5520
2013-06-03,TSLA,92.5900,18.5180
2013-06-04,TSLA,94.8400,18.9680
2013-06-05,TSLA,95.3700,19.0740
2013-06-06,TSLA,97.3500,19.4700
2013-06-07,TSLA,102.0400,20.4080
2013-06-10,TSLA,100.0500,20.0100
2013-06-11,TSLA,94.4700,18.8940
2013-06-12,TSLA,97.7300,19.5460
2013-06-13,TSLA,98.1800,19.6360
2013-06-14,TSLA,100.3000,20.0600
2013-06-17,TSLA,102.2000,20.4400
2013-06-18,TSLA,103.3900,20.6780
2013-06-19,TSLA,104.6800,20.9360
2013-06-20,TSLA,100.6500,20.1300
2013-06-21,TSLA,99.5500,19.9100
2013-06-24,TSLA,101.4900,20.2980
2013-06-25,TSLA,102.4000,20.4800
2013-06-26,TSLA,105.7200,21.1440
2013-06-27,TSLA,109.2500,21.8500
2013-06-28,TSLA,107.3600,21.4720
2013-07-01,TSLA,117.1790,23.4358
2013-07-02,TSLA,117.8200,23.5640
2013-07-03,TSLA,115.2400,23.0480
2013-07-05,TSLA,120.0900,24.0180
2013-07-08,TSLA,121.6100,24.3220
2013-07-09,TSLA,123.4500,24.6900
2013-07-10,TSLA,122.2700,24.4540
2013-07-11,TSLA,125.6100,25.1220
2013-07-12,TSLA,129.9000,25.9800
2013-07-15,TSLA,127.2600,25.4520
2013-07-16,TSLA,109.0500,21.8100
2013-07-17,TSLA,120.2500,24.0500
2013-07-18,TSLA,119.0300,23.8060
2013-07-19,TSLA,119.6800,23.9360
2013-07-22,TSLA,122.4300,24.4860
2013-07-23,TSLA,122.7400,24.5480
2013-07-24,TSLA,121.7000,24.3400
2013-07-25,TSLA,124.0700,24.8140
2013-07-26,TSLA,129.3900,25.8780
2013-07-29,TSLA,134.6200,26.9240
2013-07-30,TSLA,131.7400,26.3480
2013-07-31,TSLA,134.2800,26.8560
2013-08-01,TSLA,135.5500,27.1100
2013-08-02,TSLA,138.0000,27.6000
2013-08-05,TSLA,144.6800,28.9360
2013-08-06,TSLA,142.1500,28.4300
2013-08-07,TSLA,134.2300,26.8460
2013-08-08,TSLA,153.4800,30.6960
2013-08-09,TSLA,153.0000,30.6000
2013-08-12,TSLA,147.3800,29.4760
2013-08-13,TSLA,145.4300,29.0860
2013-08-14,TSLA,139.3600,27.8720
2013-08-15,TSLA,139.6700,27.9340
2013-08-16,TSLA,142.0000,28.4000
2013-08-19,TSLA,144.9000,28.9800
2013-08-20,TSLA,149.5800,29.9160
2013-08-21,TSLA,147.8600,29.5720
2013-08-22,TSLA,157.1000,31.4200
2013-08-23,TSLA,161.8390,32.3678
2013-08-26,TSLA,164.2200,32.8440
2013-08-27,TSLA,167.0100,33.4020
2013-08-28,TSLA,166.4500,33.2900
2013-08-29,TSLA,166.0600,33.2120
2013-08-30,TSLA,169.0000,33.8000
2013-09-03,TSLA,168.9400,33.7880
2013-09-04,TSLA,170.6220,34.1244
2013-09-05,TSLA,169.9300,33.9860
2013-09-06,TSLA,166.9700,33.3940
2013-09-09,TSLA,160.7000,32.1400
2013-09-10,TSLA,166.3700,33.2740
2013-09-11,TSLA,163.5200,32.7040
2013-09-12,TSLA,164.9300,32.9860
2013-09-13,TSLA,165.5400,33.1080
2013-09-16,TSLA,166.5800,33.3160
2013-09-17,TSLA,166.2300,33.2460
2013-09-18,TSLA,166.2180,33.2436
2013-09-19,TSLA,177.9200,35.5840
2013-09-20,TSLA,183.3900,36.6780
2013-09-23,TSLA,181.1100,36.2220
2013-09-24,TSLA,182.3300,36.4660
2013-09-25,TSLA,185.2380,37.0476
2013-09-26,TSLA,188.6400,37.7280
2013-09-27,TSLA,190.9000,38.1800
2013-09-30,TSLA,193.3700,38.6740
2013-10-01,TSLA,193.0000,38.6000
2013-10-02,TSLA,180.9500,36.1900
2013-10-03,TSLA,173.3100,34.6620
2013-10-04,TSLA,180.9800,36.1960
2013-10-07,TSLA,183.0700,36.6140
2013-10-08,TSLA,174.7300,34.9460
2013-10-09,TSLA,168.7800,33.7560
2013-10-10,TSLA,172.9300,34.5860
2013-10-11,TSLA,178.7000,35.7400
2013-10-14,TSLA,179.7200,35.9440
2013-10-15,TSLA,183.9400,36.7880
2013-10-16,TSLA,183.5600,36.7120
2013-10-17,TSLA,182.8020,36.5604
2013-10-18,TSLA,183.4000,36.6800
2013-10-21,TSLA,172.6000,34.5200
2013-10-22,TSLA,171.5400,34.3080
2013-10-23,TSLA,164.5000,32.9000
2013-10-24,TSLA,173.1500,34.6300
2013-10-25,TSLA,169.6600,33.9320
2013-10-28,TSLA,162.8600,32.5720
2013-10-29,TSLA,164.4700,32.8940
2013-10-30,TSLA,159.2200,31.8440
2013-10-31,TSLA,159.9400,31.9880
2013-11-01,TSLA,162.1700,32.4340
2013-11-04,TSLA,175.2000,35.0400
2013-11-05,TSLA,176.8100,35.3620
2013-11-06,TSLA,151.1600,30.2320
2013-11-07,TSLA,139.7720,27.9544
2013-11-08,TSLA,137.9500,27.5900
2013-11-11,TSLA,144.6980,28.9396
2013-11-12,TSLA,137.8000,27.5600
2013-11-13,TSLA,138.7000,27.7400
2013-11-14,TSLA,137.6000,27.5200
2013-11-15,TSLA,135.4500,27.0900
2013-11-18,TSLA,121.5800,24.3160
2013-11-19,TSLA,126.0900,25.2180
2013-11-20,TSLA,121.1100,24.2220
2013-11-21,TSLA,122.1000,24.4200
2013-11-22,TSLA,121.3800,24.2760
2013-11-25,TSLA,120.8400,24.1680
2013-11-26,TSLA,120.5000,24.1000
2013-11-27,TSLA,126.9400,25.3880
2013-11-29,TSLA,127.2800,25.4560
2013-12-02,TSLA,124.1700,24.8340
2013-12-03,TSLA,144.7000,28.9400
2013-12-04,TSLA,138.9500,27.7900
2013-12-05,TSLA,140.4800,28.0960
2013-12-06,TSLA,137.3600,27.4720
2013-12-09,TSLA,141.6000,28.3200
2013-12-10,TSLA,142.1900,28.4380
2013-12-11,TSLA,139.6500,27.9300
2013-12-12,TSLA,147.4700,29.4940
2013-12-13,TSLA,147.6540,29.5308
2013-12-16,TSLA,147.9400,29.5880
2013-12-17,TSLA,152.4600,30.4920
2013-12-18,TSLA,147.9800,29.5960
2013-12-19,TSLA,140.7200,28.1440
2013-12-20,TSLA,143.2400,28.6480
2013-12-23,TSLA,143.5500,28.7100
2013-12-24,TSLA,151.4100,30.2820
2013-12-26,TSLA,155.5000,31.1000
2013-12-27,TSLA,151.1200,30.2240
2013-12-30,TSLA,152.4400,30.4880
2013-12-31,TSLA,150.4290,30.0858
2014-01-02,TSLA,150.1000,30.0200
2014-01-03,TSLA,149.5600,29.9120
2014-01-06,TSLA,147.0000,29.4000
2014-01-07,TSLA,149.3600,29.8720
2014-01-08,TSLA,151.2800,30.2560
2014-01-09,TSLA,147.5300,29.5060
2014-01-10,TSLA,145.7199,29.1440
2014-01-13,TSLA,139.3400,27.8680
2014-01-14,TSLA,161.2700,32.2540
2014-01-15,TSLA,164.1300,32.8260
2014-01-16,TSLA,170.9700,34.1940
2014-01-17,TSLA,170.0100,34.0020
2014-01-21,TSLA,176.6800,35.3360
2014-01-22,TSLA,178.5600,35.7120
2014-01-23,TSLA,181.5000,36.3000
2014-01-24,TSLA,174.6000,34.9200
2014-01-27,TSLA,169.6200,33.9240
2014-01-28,TSLA,178.3800,35.6760
2014-01-29,TSLA,175.2300,35.0460
2014-01-30,TSLA,182.8400,36.5680
2014-01-31,TSLA,181.4100,36.2820
2014-02-03,TSLA,177.1100,35.4220
2014-02-04,TSLA,178.7300,35.7460
2014-02-05,TSLA,174.4200,34.8840
2014-02-06,TSLA,178.3800,35.6760
2014-02-07,TSLA,186.5300,37.3060
2014-02-10,TSLA,196.5600,39.3120
2014-02-11,TSLA,196.6200,39.3240
2014-02-12,TSLA,195.3200,39.0640
2014-02-13,TSLA,199.6300,39.9260
2014-02-14,TSLA,198.2300,39.6460
2014-02-18,TSLA,203.7000,40.7400
2014-02-19,TSLA,193.6400,38.7280
2014-02-20,TSLA,209.9700,41.9940
2014-02-21,TSLA,209.6000,41.9200
2014-02-24,TSLA,217.6500,43.5300
2014-02-25,TSLA,248.0000,49.6000
2014-02-26,TSLA,253.0000,50.6000
2014-02-27,TSLA,252.5400,50.5080
2014-02-28,TSLA,244.8100,48.9620
2014-03-03,TSLA,250.5600,50.1120
2014-03-04,TSLA,254.8400,50.9680
2014-03-05,TSLA,252.6600,50.5320
2014-03-06,TSLA,252.9400,50.5880
2014-03-07,TSLA,246.2100,49.2420
2014-03-10,TSLA,238.8400,47.7680
2014-03-11,TSLA,234.4100,46.8820
2014-03-12,TSLA,241.4900,48.2980
2014-03-13,TSLA,237.7900,47.5580
2014-03-14,TSLA,230.9700,46.1940
2014-03-17,TSLA,233.9800,46.7960
2014-03-18,TSLA,240.0400,48.0080
2014-03-19,TSLA,235.8400,47.1680
2014-03-20,TSLA,234.9100,46.9820
2014-03-21,TSLA,228.8900,45.7780
2014-03-24,TSLA,220.1700,44.0340
2014-03-25,TSLA,220.4400,44.0880
2014-03-26,TSLA,212.9600,42.5920
2014-03-27,TSLA,207.3200,41.4640
2014-03-28,TSLA,212.3700,42.4740
2014-03-31,TSLA,208.4500,41.6900
2014-04-01,TSLA,216.9700,43.3940
2014-04-02,TSLA,230.2900,46.0580
2014-04-03,TSLA,225.4000,45.0800
2014-04-04,TSLA,212.2250,42.4450
2014-04-07,TSLA,207.5200,41.5040
2014-04-08,TSLA,215.4600,43.0920
2014-04-09,TSLA,216.9300,43.3860
2014-04-10,TSLA,204.1900,40.8380
2014-04-11,TSLA,203.7800,40.7560
2014-04-14,TSLA,198.0900,39.6180
2014-04-15,TSLA,193.9100,38.7820
2014-04-16,TSLA,199.1100,39.8220
2014-04-17,TSLA,198.1200,39.6240
2014-04-21,TSLA,204.3800,40.8760
2014-04-22,TSLA,218.6400,43.7280
2014-04-23,TSLA,207.9900,41.5980
2014-04-24,TSLA,207.8600,41.5720
2014-04-25,TSLA,199.8500,39.9700
2014-04-28,TSLA,198.5100,39.7020
2014-04-29,TSLA,206.9200,41.3840
2014-04-30,TSLA,207.8900,41.5780
2014-05-01,TSLA,207.7300,41.5460
2014-05-02,TSLA,210.9100,42.1820
2014-05-05,TSLA,216.6100,43.3220
2014-05-06,TSLA,207.2800,41.4560
2014-05-07,TSLA,201.3500,40.2700
2014-05-08,TSLA,178.5900,35.7180
2014-05-09,TSLA,182.2600,36.4520
2014-05-12,TSLA,184.6700,36.9340
2014-05-13,TSLA,190.1600,38.0320
2014-05-14,TSLA,190.6200,38.1240
2014-05-15,TSLA,188.5900,37.7180
2014-05-16,TSLA,191.5600,38.3120
2014-05-19,TSLA,196.0900,39.2180
2014-05-20,TSLA,195.3000,39.0600
2014-05-21,TSLA,199.4500,39.8900
2014-05-22,TSLA,204.8800,40.9760
2014-05-23,TSLA,207.3000,41.4600
2014-05-27,TSLA,211.5600,42.3120
2014-05-28,TSLA,210.2400,42.0480
2014-05-29,TSLA,210.2400,42.0480
2014-05-30,TSLA,207.7700,41.5540
2014-06-02,TSLA,204.7000,40.9400
2014-06-03,TSLA,204.9400,40.9880
2014-06-04,TSLA,203.9900,40.7980
2014-06-05,TSLA,206.9000,41.3800
2014-06-06,TSLA,208.1710,41.6342
2014-06-09,TSLA,205.3100,41.0620
2014-06-10,TSLA,202.3000,40.4600
2014-06-11,TSLA,204.4700,40.8940
2014-06-12,TSLA,203.5200,40.7040
2014-06-13,TSLA,206.4200,41.2840
2014-06-16,TSLA,224.6100,44.9220
2014-06-17,TSLA,231.6700,46.3340
2014-06-18,TSLA,227.1200,45.4240
2014-06-19,TSLA,227.7900,45.5580
2014-06-20,TSLA,229.5900,45.9180
2014-06-23,TSLA,237.2200,47.4440
2014-06-24,TSLA,232.5000,46.5000
2014-06-25,TSLA,236.8910,47.3782
2014-06-26,TSLA,235.6000,47.1200
2014-06-27,TSLA,239.0600,47.8120
2014-06-30,TSLA,240.0600,48.0120
2014-07-01,TSLA,239.7200,47.9440
2014-07-02,TSLA,229.4250,45.8850
2014-07-03,TSLA,229.2500,45.8500
2014-07-07,TSLA,222.6600,44.5320
2014-07-08,TSLA,219.0700,43.8140
2014-07-09,TSLA,223.0600,44.6120
2014-07-10,TSLA,219.4600,43.8920
2014-07-11,TSLA,218.1300,43.6260
2014-07-14,TSLA,226.7000,45.3400
2014-07-15,TSLA,219.5800,43.9160
2014-07-16,TSLA,217.1600,43.4320
2014-07-17,TSLA,215.4000,43.0800
2014-07-18,TSLA,220.0201,44.0040
2014-07-21,TSLA,220.5400,44.1080
2014-07-22,TSLA,219.5800,43.9160
2014-07-23,TSLA,222.4900,44.4980
2014-07-24,TSLA,223.5400,44.7080
2014-07-25,TSLA,223.5700,44.7140
2014-07-28,TSLA,224.8200,44.9640
2014-07-29,TSLA,225.0100,45.0020
2014-07-30,TSLA,228.9200,45.7840
2014-07-31,TSLA,223.3000,44.6600
2014-08-01,TSLA,233.2700,46.6540
2014-08-04,TSLA,238.5200,47.7040
2014-08-05,TSLA,238.4900,47.6980
2014-08-06,TSLA,248.9301,49.7860
2014-08-07,TSLA,252.3900,50.4780
2014-08-08,TSLA,248.1300,49.6260
2014-08-11,TSLA,259.3200,51.8640
2014-08-12,TSLA,259.9600,51.9920
2014-08-13,TSLA,260.3100,52.0620
2014-08-14,TSLA,261.3800,52.2760
2014-08-15,TSLA,262.0100,52.4020
2014-08-18,TSLA,259.9400,51.9880
2014-08-19,TSLA,256.7600,51.3520
2014-08-20,TSLA,255.7100,51.1420
2014-08-21,TSLA,254.3400,50.8680
2014-08-22,TSLA,256.7800,51.3560
2014-08-25,TSLA,262.5500,52.5100
2014-08-26,TSLA,261.7400,52.3480
2014-08-27,TSLA,263.2500,52.6500
2014-08-28,TSLA,263.8600,52.7720
2014-08-29,TSLA,269.7000,53.9400
2014-09-02,TSLA,284.1200,56.8240
2014-09-03,TSLA,281.1900,56.2380
2014-09-04,TSLA,286.0400,57.2080
2014-09-05,TSLA,277.3900,55.4780
2014-09-08,TSLA,282.1100,56.4220
2014-09-09,TSLA,278.4800,55.6960
2014-09-10,TSLA,281.1000,56.2200
2014-09-11,TSLA,280.3100,56.0620
2014-09-12,TSLA,279.2000,55.8400
2014-09-15,TSLA,253.8600,50.7720
2014-09-16,TSLA,260.7400,52.1480
2014-09-17,TSLA,261.3800,52.2760
2014-09-18,TSLA,263.8200,52.7640
2014-09-19,TSLA,259.3200,51.8640
2014-09-22,TSLA,250.0300,50.0060
2014-09-23,TSLA,250.4100,50.0820
2014-09-24,TSLA,252.1400,50.4280
2014-09-25,TSLA,246.9500,49.3900
2014-09-26,TSLA,246.6000,49.3200
2014-09-29,TSLA,245.2600,49.0520
2014-09-30,TSLA,242.6800,48.5360
2014-10-01,TSLA,240.2400,48.0480
2014-10-02,TSLA,251.4200,50.2840
2014-10-03,TSLA,255.2100,51.0420
2014-10-06,TSLA,260.6200,52.1240
2014-10-07,TSLA,259.5700,51.9140
2014-10-08,TSLA,259.2800,51.8560
2014-10-09,TSLA,257.0100,51.4020
2014-10-10,TSLA,236.9100,47.3820
2014-10-13,TSLA,224.5900,44.9180
2014-10-14,TSLA,227.0600,45.4120
2014-10-15,TSLA,229.7000,45.9400
2014-10-16,TSLA,226.3500,45.2700
2014-10-17,TSLA,227.4800,45.4960
2014-10-20,TSLA,230.4700,46.0940
2014-10-21,TSLA,235.3400,47.0680
2014-10-22,TSLA,231.1000,46.2200
2014-10-23,TSLA,235.2900,47.0580
2014-10-24,TSLA,235.2400,47.0480
2014-10-27,TSLA,221.6700,44.3340
2014-10-28,TSLA,242.7700,48.5540
2014-10-29,TSLA,238.1000,47.6200
2014-10-30,TSLA,238.6600,47.7320
2014-10-31,TSLA,241.7000,48.3400
2014-11-03,TSLA,242.5900,48.5180
2014-11-04,TSLA,238.9300,47.7860
2014-11-05,TSLA,230.9700,46.1940
2014-11-06,TSLA,241.2200,48.2440
2014-11-07,TSLA,240.2000,48.0400
2014-11-10,TSLA,241.9300,48.3860
2014-11-11,TSLA,251.0800,50.2160
2014-11-12,TSLA,249.1000,49.8200
2014-11-13,TSLA,251.7000,50.3400
2014-11-14,TSLA,258.6800,51.7360
2014-11-17,TSLA,253.9800,50.7960
2014-11-18,TSLA,257.7000,51.5400
2014-11-19,TSLA,247.7400,49.5480
2014-11-20,TSLA,248.7100,49.7420
2014-11-21,TSLA,242.7800,48.5560
2014-11-24,TSLA,246.7200,49.3440
2014-11-25,TSLA,248.0900,49.6180
2014-11-26,TSLA,248.4400,49.6880
2014-11-28,TSLA,244.5200,48.9040
2014-12-01,TSLA,231.6400,46.3280
2014-12-02,TSLA,231.4300,46.2860
2014-12-03,TSLA,229.3000,45.8600
2014-12-04,TSLA,228.2800,45.6560
2014-12-05,TSLA,223.7100,44.7420
2014-12-08,TSLA,214.3600,42.8720
2014-12-09,TSLA,216.8900,43.3780
2014-12-10,TSLA,209.8400,41.9680
2014-12-11,TSLA,208.8800,41.7760
2014-12-12,TSLA,207.0000,41.4000
2014-12-15,TSLA,204.0400,40.8080
2014-12-16,TSLA,197.8100,39.5620
2014-12-17,TSLA,205.8200,41.1640
2014-12-18,TSLA,218.2600,43.6520
2014-12-19,TSLA,219.2900,43.8580
2014-12-22,TSLA,222.6000,44.5200
2014-12-23,TSLA,220.9700,44.1940
2014-12-24,TSLA,222.2600,44.4520
2014-12-26,TSLA,227.8200,45.5640
2014-12-29,TSLA,225.7100,45.1420
2014-12-30,TSLA,222.2300,44.4460
2014-12-31,TSLA,222.4100,44.4820
2015-01-02,TSLA,219.3100,43.8620
2015-01-05,TSLA,210.0900,42.0180
2015-01-06,TSLA,211.2800,42.2560
2015-01-07,TSLA,210.9500,42.1900
2015-01-08,TSLA,210.6150,42.1230
2015-01-09,TSLA,206.6600,41.3320
2015-01-12,TSLA,202.2100,40.4420
2015-01-13,TSLA,204.2500,40.8500
2015-01-14,TSLA,192.6900,38.5380
2015-01-15,TSLA,191.8700,38.3740
2015-01-16,TSLA,193.0700,38.6140
2015-01-20,TSLA,191.9300,38.3860
2015-01-21,TSLA,196.5700,39.3140
2015-01-22,TSLA,201.6200,40.3240
2015-01-23,TSLA,201.2900,40.2580
2015-01-26,TSLA,206.5500,41.3100
2015-01-27,TSLA,205.9800,41.1960
2015-01-28,TSLA,199.3700,39.8740
2015-01-29,TSLA,205.2000,41.0400
2015-01-30,TSLA,203.6000,40.7200
2015-02-02,TSLA,210.9400,42.1880
2015-02-03,TSLA,218.3600,43.6720
2015-02-04,TSLA,218.5500,43.7100
2015-02-05,TSLA,220.9900,44.1980
2015-02-06,TSLA,217.3600,43.4720
2015-02-09,TSLA,217.4800,43.4960
2015-02-10,TSLA,216.2900,43.2580
2015-02-11,TSLA,212.8000,42.5600
2015-02-12,TSLA,202.8800,40.5760
2015-02-13,TSLA,203.7700,40.7540
2015-02-17,TSLA,204.3500,40.8700
2015-02-18,TSLA,204.4600,40.8920
2015-02-19,TSLA,211.7050,42.3410
2015-02-20,TSLA,217.1100,43.4220
2015-02-23,TSLA,207.3350,41.4670
2015-02-24,TSLA,204.1100,40.8220
2015-02-25,TSLA,203.7600,40.7520
2015-02-26,TSLA,207.1900,41.4380
2015-02-27,TSLA,203.3400,40.6680
2015-03-02,TSLA,197.3250,39.4650
2015-03-03,TSLA,199.5600,39.9120
2015-03-04,TSLA,202.4350,40.4870
2015-03-05,TSLA,200.6300,40.1260
2015-03-06,TSLA,193.8800,38.7760
2015-03-09,TSLA,190.8800,38.1760
2015-03-10,TSLA,190.3200,38.0640
2015-03-11,TSLA,193.7400,38.7480
2015-03-12,TSLA,191.0700,38.2140
2015-03-13,TSLA,188.6800,37.7360
2015-03-16,TSLA,195.7000,39.1400
2015-03-17,TSLA,194.7300,38.9460
2015-03-18,TSLA,200.7100,40.1420
2015-03-19,TSLA,195.6500,39.1300
2015-03-20,TSLA,198.0800,39.6160
2015-03-23,TSLA,199.6300,39.9260
2015-03-24,TSLA,201.7200,40.3440
2015-03-25,TSLA,194.3000,38.8600
2015-03-26,TSLA,190.4050,38.0810
2015-03-27,TSLA,185.0000,37.0000
2015-03-30,TSLA,190.5700,38.1140
2015-03-31,TSLA,188.7700,37.7540
2015-04-01,TSLA,187.5900,37.5180
2015-04-02,TSLA,191.0000,38.2000
2015-04-06,TSLA,203.1000,40.6200
2015-04-07,TSLA,203.2500,40.6500
2015-04-08,TSLA,207.6700,41.5340
2015-04-09,TSLA,210.0900,42.0180
2015-04-10,TSLA,210.9000,42.1800
2015-04-13,TSLA,209.7800,41.9560
2015-04-14,TSLA,207.4600,41.4920
2015-04-15,TSLA,207.8300,41.5660
2015-04-16,TSLA,206.7000,41.3400
2015-04-17,TSLA,206.7900,41.3580
2015-04-20,TSLA,205.2700,41.0540
2015-04-21,TSLA,209.4100,41.8820
2015-04-22,TSLA,219.4400,43.8880
2015-04-23,TSLA,218.6000,43.7200
2015-04-24,TSLA,218.4250,43.6850
2015-04-27,TSLA,231.5500,46.3100
2015-04-28,TSLA,230.4800,46.0960
2015-04-29,TSLA,232.4500,46.4900
2015-04-30,TSLA,226.0500,45.2100
2015-05-01,TSLA,226.0300,45.2060
2015-05-04,TSLA,230.5100,46.1020
2015-05-05,TSLA,232.9500,46.5900
2015-05-06,TSLA,230.4300,46.0860
2015-05-07,TSLA,236.8000,47.3600
2015-05-08,TSLA,236.6100,47.3220
2015-05-11,TSLA,239.4900,47.8980
2015-05-12,TSLA,244.7400,48.9480
2015-05-13,TSLA,243.1800,48.6360
2015-05-14,TSLA,244.1000,48.8200
2015-05-15,TSLA,248.8400,49.7680
2015-05-18,TSLA,248.7500,49.7500
2015-05-19,TSLA,247.1400,49.4280
2015-05-20,TSLA,244.3500,48.8700
2015-05-21,TSLA,245.6200,49.1240
2015-05-22,TSLA,247.7300,49.5460
2015-05-26,TSLA,247.4550,49.4910
2015-05-27,TSLA,247.4300,49.4860
2015-05-28,TSLA,251.4500,50.2900
2015-05-29,TSLA,250.8000,50.1600
2015-06-01,TSLA,249.4500,49.8900
2015-06-02,TSLA,248.3500,49.6700
2015-06-03,TSLA,248.9900,49.7980
2015-06-04,TSLA,245.9200,49.1840
2015-06-05,TSLA,249.1400,49.8280
2015-06-08,TSLA,256.2900,51.2580
2015-06-09,TSLA,256.0000,51.2000
2015-06-10,TSLA,250.7000,50.1400
2015-06-11,TSLA,251.4100,50.2820
2015-06-12,TSLA,250.6900,50.1380
2015-06-15,TSLA,250.3800,50.0760
2015-06-16,TSLA,253.1200,50.6240
2015-06-17,TSLA,260.4100,52.0820
2015-06-18,TSLA,261.8900,52.3780
2015-06-19,TSLA,262.5100,52.5020
2015-06-22,TSLA,259.7900,51.9580
2015-06-23,TSLA,267.6700,53.5340
2015-06-24,TSLA,265.1700,53.0340
2015-06-25,TSLA,268.7900,53.7580
2015-06-26,TSLA,267.0900,53.4180
2015-06-29,TSLA,262.0200,52.4040
2015-06-30,TSLA,268.2600,53.6520
2015-07-01,TSLA,269.1500,53.8300
2015-07-02,TSLA,280.0200,56.0040
2015-07-06,TSLA,279.7200,55.9440
2015-07-07,TSLA,267.8800,53.5760
2015-07-08,TSLA,254.9600,50.9920
2015-07-09,TSLA,257.9200,51.5840
2015-07-10,TSLA,259.1500,51.8300
2015-07-13,TSLA,262.1600,52.4320
2015-07-14,TSLA,265.6500,53.1300
2015-07-15,TSLA,263.1400,52.6280
2015-07-16,TSLA,266.6800,53.3360
2015-07-17,TSLA,274.6600,54.9320
2015-07-20,TSLA,282.2600,56.4520
2015-07-21,TSLA,266.7700,53.3540
2015-07-22,TSLA,267.8700,53.5740
2015-07-23,TSLA,267.2000,53.4400
2015-07-24,TSLA,265.4100,53.0820
2015-07-27,TSLA,253.0100,50.6020
2015-07-28,TSLA,264.8200,52.9640
2015-07-29,TSLA,263.8200,52.7640
2015-07-30,TSLA,266.7900,53.3580
2015-07-31,TSLA,266.1500,53.2300
2015-08-03,TSLA,259.9900,51.9980
2015-08-04,TSLA,266.2800,53.2560
2015-08-05,TSLA,270.1300,54.0260
2015-08-06,TSLA,246.1300,49.2260
2015-08-07,TSLA,242.5100,48.5020
2015-08-10,TSLA,241.1400,48.2280
2015-08-11,TSLA,237.3700,47.4740
2015-08-12,TSLA,238.1700,47.6340
2015-08-13,TSLA,242.5100,48.5020
2015-08-14,TSLA,243.1500,48.6300
2015-08-17,TSLA,254.9900,50.9980
2015-08-18,TSLA,260.7200,52.1440
2015-08-19,TSLA,255.2500,51.0500
2015-08-20,TSLA,242.1800,48.4360
2015-08-21,TSLA,230.7700,46.1540
2015-08-24,TSLA,218.8700,43.7740
2015-08-25,TSLA,220.0300,44.0060
2015-08-26,TSLA,224.8400,44.9680
2015-08-27,TSLA,242.9900,48.5980
2015-08-28,TSLA,248.4800,49.6960
2015-08-31,TSLA,249.0600,49.8120
2015-09-01,TSLA,238.6300,47.7260
2015-09-02,TSLA,247.6900,49.5380
2015-09-03,TSLA,245.5700,49.1140
2015-09-04,TSLA,241.9300,48.3860
2015-09-08,TSLA,248.1700,49.6340
2015-09-09,TSLA,248.9100,49.7820
2015-09-10,TSLA,248.4800,49.6960
2015-09-11,TSLA,250.2400,50.0480
2015-09-14,TSLA,253.1900,50.6380
2015-09-15,TSLA,253.5700,50.7140
2015-09-16,TSLA,262.2500,52.4500
2015-09-17,TSLA,262.0700,52.4140
2015-09-18,TSLA,260.6200,52.1240
2015-09-21,TSLA,264.2000,52.8400
2015-09-22,TSLA,260.9400,52.1880
2015-09-23,TSLA,261.0600,52.2120
2015-09-24,TSLA,263.1200,52.6240
2015-09-25,TSLA,256.9100,51.3820
2015-09-28,TSLA,248.4300,49.6860
2015-09-29,TSLA,246.6500,49.3300
2015-09-30,TSLA,248.4000,49.6800
2015-10-01,TSLA,239.8800,47.9760
2015-10-02,TSLA,247.5700,49.5140
2015-10-05,TSLA,246.1500,49.2300
2015-10-06,TSLA,241.4600,48.2920
2015-10-07,TSLA,231.9600,46.3920
2015-10-08,TSLA,226.7200,45.3440
2015-10-09,TSLA,220.6900,44.1380
2015-10-12,TSLA,215.5800,43.1160
2015-10-13,TSLA,219.2500,43.8500
2015-10-14,TSLA,216.8800,43.3760
2015-10-15,TSLA,221.3100,44.2620
2015-10-16,TSLA,227.0100,45.4020
2015-10-19,TSLA,228.1000,45.6200
2015-10-20,TSLA,213.0300,42.6060
2015-10-21,TSLA,210.0900,42.0180
2015-10-22,TSLA,211.7200,42.3440
2015-10-23,TSLA,209.0900,41.8180
2015-10-26,TSLA,215.2600,43.0520
2015-10-27,TSLA,210.3500,42.0700
2015-10-28,TSLA,212.9600,42.5920
2015-10-29,TSLA,211.6300,42.3260
2015-10-30,TSLA,206.9300,41.3860
2015-11-02,TSLA,213.7900,42.7580
2015-11-03,TSLA,208.3500,41.6700
2015-11-04,TSLA,231.6300,46.3260
2015-11-05,TSLA,231.7700,46.3540
2015-11-06,TSLA,232.3600,46.4720
2015-11-09,TSLA,225.3300,45.0660
2015-11-10,TSLA,216.5000,43.3000
2015-11-11,TSLA,219.0800,43.8160
2015-11-12,TSLA,212.9400,42.5880
2015-11-13,TSLA,207.1900,41.4380
2015-11-16,TSLA,214.3100,42.8620
2015-11-17,TSLA,214.0000,42.8000
2015-11-18,TSLA,221.0700,44.2140
2015-11-19,TSLA,221.8000,44.3600
2015-11-20,TSLA,220.0100,44.0020
2015-11-23,TSLA,217.7500,43.5500
2015-11-24,TSLA,218.2500,43.6500
2015-11-25,TSLA,229.6400,45.9280
2015-11-27,TSLA,231.6100,46.3220
2015-11-30,TSLA,230.2600,46.0520
2015-12-01,TSLA,237.1900,47.4380
2015-12-02,TSLA,231.9900,46.3980
2015-12-03,TSLA,232.7100,46.5420
2015-12-04,TSLA,230.3800,46.0760
2015-12-07,TSLA,231.1300,46.2260
2015-12-08,TSLA,226.7200,45.3440
2015-12-09,TSLA,224.5200,44.9040
2015-12-10,TSLA,227.0700,45.4140
2015-12-11,TSLA,217.0200,43.4040
2015-12-14,TSLA,218.5800,43.7160
2015-12-15,TSLA,221.0900,44.2180
2015-12-16,TSLA,234.5100,46.9020
2015-12-17,TSLA,233.3900,46.6780
2015-12-18,TSLA,230.4600,46.0920
2015-12-21,TSLA,232.5600,46.5120
2015-12-22,TSLA,229.9500,45.9900
2015-12-23,TSLA,229.7000,45.9400
2015-12-24,TSLA,230.5700,46.1140
2015-12-28,TSLA,228.9500,45.7900
2015-12-29,TSLA,237.1900,47.4380
2015-12-30,TSLA,238.0900,47.6180
2015-12-31,TSLA,240.0100,48.0020
2016-01-04,TSLA,223.4100,44.6820
2016-01-05,TSLA,223.4300,44.6860
2016-01-06,TSLA,219.0400,43.8080
2016-01-07,TSLA,215.6500,43.1300
2016-01-08,TSLA,211.0000,42.2000
2016-01-11,TSLA,207.8500,41.5700
2016-01-12,TSLA,209.9700,41.9940
2016-01-13,TSLA,200.3100,40.0620
2016-01-14,TSLA,206.1800,41.2360
2016-01-15,TSLA,204.9900,40.9980
2016-01-19,TSLA,204.7200,40.9440
2016-01-20,TSLA,198.7000,39.7400
2016-01-21,TSLA,199.9700,39.9940
2016-01-22,TSLA,202.5500,40.5100
2016-01-25,TSLA,196.3800,39.2760
2016-01-26,TSLA,193.5600,38.7120
2016-01-27,TSLA,188.0700,37.6140
2016-01-28,TSLA,189.7000,37.9400
2016-01-29,TSLA,191.2000,38.2400
2016-02-01,TSLA,196.9400,39.3880
2016-02-02,TSLA,182.7800,36.5560
2016-02-03,TSLA,173.4800,34.6960
2016-02-04,TSLA,175.3300,35.0660
2016-02-05,TSLA,162.6000,32.5200
2016-02-08,TSLA,147.9900,29.5980
2016-02-09,TSLA,148.2500,29.6500
2016-02-10,TSLA,143.6700,28.7340
2016-02-11,TSLA,150.4700,30.0940
2016-02-12,TSLA,151.0400,30.2080
2016-02-16,TSLA,155.1700,31.0340
2016-02-17,TSLA,168.6800,33.7360
2016-02-18,TSLA,166.7700,33.3540
2016-02-19,TSLA,166.5800,33.3160
2016-02-22,TSLA,177.7400,35.5480
2016-02-23,TSLA,177.2100,35.4420
2016-02-24,TSLA,179.0000,35.8000
2016-02-25,TSLA,187.4300,37.4860
2016-02-26,TSLA,190.3400,38.0680
2016-02-29,TSLA,191.9300,38.3860
2016-03-01,TSLA,186.3500,37.2700
2016-03-02,TSLA,188.3400,37.6680
2016-03-03,TSLA,195.7400,39.1480
2016-03-04,TSLA,201.0400,40.2080
2016-03-07,TSLA,205.2900,41.0580
2016-03-08,TSLA,202.6000,40.5200
2016-03-09,TSLA,208.7200,41.7440
2016-03-10,TSLA,205.1800,41.0360
2016-03-11,TSLA,207.5000,41.5000
2016-03-14,TSLA,215.1500,43.0300
2016-03-15,TSLA,218.3400,43.6680
2016-03-16,TSLA,221.9300,44.3860
2016-03-17,TSLA,226.3800,45.2760
2016-03-18,TSLA,232.7400,46.5480
2016-03-21,TSLA,238.3200,47.6640
2016-03-22,TSLA,234.2400,46.8480
2016-03-23,TSLA,222.5800,44.5160
2016-03-24,TSLA,227.7500,45.5500
2016-03-28,TSLA,230.2600,46.0520
2016-03-29,TSLA,230.1300,46.0260
2016-03-30,TSLA,226.8900,45.3780
2016-03-31,TSLA,229.7700,45.9540
2016-04-01,TSLA,237.5900,47.5180
2016-04-04,TSLA,246.9900,49.3980
2016-04-05,TSLA,255.4700,51.0940
2016-04-06,TSLA,265.4200,53.0840
2016-04-07,TSLA,257.2000,51.4400
2016-04-08,TSLA,250.0700,50.0140
2016-04-11,TSLA,249.9200,49.9840
2016-04-12,TSLA,247.8200,49.5640
2016-04-13,TSLA,254.5300,50.9060
2016-04-14,TSLA,251.8600,50.3720
2016-04-15,TSLA,254.5100,50.9020
2016-04-18,TSLA,253.8800,50.7760
2016-04-19,TSLA,247.3700,49.4740
2016-04-20,TSLA,249.9700,49.9940
2016-04-21,TSLA,248.2900,49.6580
2016-04-22,TSLA,253.7500,50.7500
2016-04-25,TSLA,251.8200,50.3640
2016-04-26,TSLA,253.7400,50.7480
2016-04-27,TSLA,251.4700,50.2940
2016-04-28,TSLA,247.7100,49.5420
2016-04-29,TSLA,240.7600,48.1520
2016-05-02,TSLA,241.8000,48.3600
2016-05-03,TSLA,232.3200,46.4640
2016-05-04,TSLA,222.5600,44.5120
2016-05-05,TSLA,211.5300,42.3060
2016-05-06,TSLA,214.9300,42.9860
2016-05-09,TSLA,208.9200,41.7840
2016-05-10,TSLA,208.6900,41.7380
2016-05-11,TSLA,208.9600,41.7920
2016-05-12,TSLA,207.2800,41.4560
2016-05-13,TSLA,207.6100,41.5220
2016-05-16,TSLA,208.2900,41.6580
2016-05-17,TSLA,204.6600,40.9320
2016-05-18,TSLA,211.1700,42.2340
2016-05-19,TSLA,215.2100,43.0420
2016-05-20,TSLA,220.2800,44.0560
2016-05-23,TSLA,216.2200,43.2440
2016-05-24,TSLA,217.9100,43.5820
2016-05-25,TSLA,219.5800,43.9160
2016-05-26,TSLA,225.1200,45.0240
2016-05-27,TSLA,223.0400,44.6080
2016-05-31,TSLA,223.2300,44.6460
2016-06-01,TSLA,219.5600,43.9120
2016-06-02,TSLA,218.9600,43.7920
2016-06-03,TSLA,218.9900,43.7980
2016-06-06,TSLA,220.6800,44.1360
2016-06-07,TSLA,232.3400,46.4680
2016-06-08,TSLA,235.5200,47.1040
2016-06-09,TSLA,229.3600,45.8720
2016-06-10,TSLA,218.7900,43.7580
2016-06-13,TSLA,217.8700,43.5740
2016-06-14,TSLA,214.9600,42.9920
2016-06-15,TSLA,217.7000,43.5400
2016-06-16,TSLA,217.9300,43.5860
2016-06-17,TSLA,215.4700,43.0940
2016-06-20,TSLA,219.7000,43.9400
2016-06-21,TSLA,219.6100,43.9220
2016-06-22,TSLA,196.6600,39.3320
2016-06-23,TSLA,196.4000,39.2800
2016-06-24,TSLA,193.1500,38.6300
2016-06-27,TSLA,198.5500,39.7100
2016-06-28,TSLA,201.7900,40.3580
2016-06-29,TSLA,210.1900,42.0380
2016-06-30,TSLA,212.2800,42.4560
2016-07-01,TSLA,216.5000,43.3000
2016-07-05,TSLA,213.9800,42.7960
2016-07-06,TSLA,214.4400,42.8880
2016-07-07,TSLA,215.9400,43.1880
2016-07-08,TSLA,216.7800,43.3560
2016-07-11,TSLA,224.7800,44.9560
2016-07-12,TSLA,224.6500,44.9300
2016-07-13,TSLA,222.5300,44.5060
2016-07-14,TSLA,221.5300,44.3060
2016-07-15,TSLA,220.4000,44.0800
2016-07-18,TSLA,226.2500,45.2500
2016-07-19,TSLA,225.2600,45.0520
2016-07-20,TSLA,228.3600,45.6720
2016-07-21,TSLA,220.5000,44.1000
2016-07-22,TSLA,222.2700,44.4540
2016-07-25,TSLA,230.0100,46.0020
2016-07-26,TSLA,229.5100,45.9020
2016-07-27,TSLA,228.4900,45.6980
2016-07-28,TSLA,230.6100,46.1220
2016-07-29,TSLA,234.7900,46.9580
2016-08-01,TSLA,230.0100,46.0020
2016-08-02,TSLA,227.2000,45.4400
2016-08-03,TSLA,225.7900,45.1580
2016-08-04,TSLA,230.6100,46.1220
2016-08-05,TSLA,230.0300,46.0060
2016-08-08,TSLA,226.1600,45.2320
2016-08-09,TSLA,229.0800,45.8160
2016-08-10,TSLA,225.6500,45.1300
2016-08-11,TSLA,224.9100,44.9820
2016-08-12,TSLA,225.6100,45.1220
2016-08-15,TSLA,225.5900,45.1180
2016-08-16,TSLA,223.6100,44.7220
2016-08-17,TSLA,223.2400,44.6480
2016-08-18,TSLA,223.5100,44.7020
2016-08-19,TSLA,225.0000,45.0000
2016-08-22,TSLA,222.9300,44.5860
2016-08-23,TSLA,224.8400,44.9680
2016-08-24,TSLA,222.6200,44.5240
2016-08-25,TSLA,220.9600,44.1920
2016-08-26,TSLA,219.9900,43.9980
2016-08-29,TSLA,215.2000,43.0400
2016-08-30,TSLA,211.3400,42.2680
2016-08-31,TSLA,212.0100,42.4020
2016-09-01,TSLA,200.7700,40.1540
2016-09-02,TSLA,197.7800,39.5560
2016-09-06,TSLA,202.8300,40.5660
2016-09-07,TSLA,201.7100,40.3420
2016-09-08,TSLA,197.3600,39.4720
2016-09-09,TSLA,194.4700,38.8940
2016-09-12,TSLA,198.3000,39.6600
2016-09-13,TSLA,196.0500,39.2100
2016-09-14,TSLA,196.4100,39.2820
2016-09-15,TSLA,200.4200,40.0840
2016-09-16,TSLA,205.4000,41.0800
2016-09-19,TSLA,206.3400,41.2680
2016-09-20,TSLA,204.6400,40.9280
2016-09-21,TSLA,205.2200,41.0440
2016-09-22,TSLA,206.4300,41.2860
2016-09-23,TSLA,207.4500,41.4900
2016-09-26,TSLA,208.9900,41.7980
2016-09-27,TSLA,205.8100,41.1620
2016-09-28,TSLA,206.2700,41.2540
2016-09-29,TSLA,200.7000,40.1400
2016-09-30,TSLA,204.0300,40.8060
2016-10-03,TSLA,213.7000,42.7400
2016-10-04,TSLA,211.4100,42.2820
2016-10-05,TSLA,208.4600,41.6920
2016-10-06,TSLA,201.0000,40.2000
2016-10-07,TSLA,196.6100,39.3220
2016-10-10,TSLA,200.9500,40.1900
2016-10-11,TSLA,200.1000,40.0200
2016-10-12,TSLA,201.5100,40.3020
2016-10-13,TSLA,200.2400,40.0480
2016-10-14,TSLA,196.5100,39.3020
2016-10-17,TSLA,193.9600,38.7920
2016-10-18,TSLA,199.1000,39.8200
2016-10-19,TSLA,203.5600,40.7120
2016-10-20,TSLA,199.1000,39.8200
2016-10-21,TSLA,200.0900,40.0180
2016-10-24,TSLA,202.7600,40.5520
2016-10-25,TSLA,202.3400,40.4680
2016-10-26,TSLA,202.2400,40.4480
2016-10-27,TSLA,204.0100,40.8020
2016-10-28,TSLA,199.9700,39.9940
2016-10-31,TSLA,197.7300,39.5460
2016-11-01,TSLA,190.7900,38.1580
2016-11-02,TSLA,188.0200,37.6040
2016-11-03,TSLA,187.4200,37.4840
2016-11-04,TSLA,190.5600,38.1120
2016-11-07,TSLA,193.2100,38.6420
2016-11-08,TSLA,194.9400,38.9880
2016-11-09,TSLA,190.0600,38.0120
2016-11-10,TSLA,185.3500,37.0700
2016-11-11,TSLA,188.5600,37.7120
2016-11-14,TSLA,181.4500,36.2900
2016-11-15,TSLA,183.7700,36.7540
2016-11-16,TSLA,183.9300,36.7860
2016-11-17,TSLA,188.6600,37.7320
2016-11-18,TSLA,185.0200,37.0040
2016-11-21,TSLA,184.5200,36.9040
2016-11-22,TSLA,191.1700,38.2340
2016-11-23,TSLA,193.1400,38.6280
2016-11-25,TSLA,196.6500,39.3300
2016-11-28,TSLA,196.1200,39.2240
2016-11-29,TSLA,189.5700,37.9140
2016-11-30,TSLA,189.4000,37.8800
2016-12-01,TSLA,181.8800,36.3760
2016-12-02,TSLA,181.4700,36.2940
2016-12-05,TSLA,186.8000,37.3600
2016-12-06,TSLA,185.8500,37.1700
2016-12-07,TSLA,193.1500,38.6300
2016-12-08,TSLA,192.2900,38.4580
2016-12-09,TSLA,192.1800,38.4360
2016-12-12,TSLA,192.4300,38.4860
2016-12-13,TSLA,198.1500,39.6300
2016-12-14,TSLA,198.6900,39.7380
2016-12-15,TSLA,197.5800,39.5160
2016-12-16,TSLA,202.4900,40.4980
2016-12-19,TSLA,202.7300,40.5460
2016-12-20,TSLA,208.7900,41.7580
2016-12-21,TSLA,207.7000,41.5400
2016-12-22,TSLA,208.4500,41.6900
2016-12-23,TSLA,213.3400,42.6680
2016-12-27,TSLA,219.5300,43.9060
2016-12-28,TSLA,219.7400,43.9480
2016-12-29,TSLA,214.6800,42.9360
2016-12-30,TSLA,213.6900,42.7380
2017-01-03,TSLA,216.9900,43.3980
2017-01-04,TSLA,226.9900,45.3980
2017-01-05,TSLA,226.7500,45.3500
2017-01-06,TSLA,229.0100,45.8020
2017-01-09,TSLA,231.2800,46.2560
2017-01-10,TSLA,229.8700,45.9740
2017-01-11,TSLA,229.7300,45.9460
2017-01-12,TSLA,229.5900,45.9180
2017-01-13,TSLA,237.7500,47.5500
2017-01-17,TSLA,235.5800,47.1160
2017-01-18,TSLA,238.3600,47.6720
2017-01-19,TSLA,243.7600,48.7520
2017-01-20,TSLA,244.7300,48.9460
2017-01-23,TSLA,248.9200,49.7840
2017-01-24,TSLA,254.6100,50.9220
2017-01-25,TSLA,254.4700,50.8940
2017-01-26,TSLA,252.5100,50.5020
2017-01-27,TSLA,252.9500,50.5900
2017-01-30,TSLA,250.6300,50.1260
2017-01-31,TSLA,251.9300,50.3860
2017-02-01,TSLA,249.2400,49.8480
2017-02-02,TSLA,251.5500,50.3100
2017-02-03,TSLA,251.3300,50.2660
2017-02-06,TSLA,257.7700,51.5540
2017-02-07,TSLA,257.4800,51.4960
2017-02-08,TSLA,262.0800,52.4160
2017-02-09,TSLA,269.2000,53.8400
2017-02-10,TSLA,269.2300,53.8460
2017-02-13,TSLA,280.6000,56.1200
2017-02-14,TSLA,280.9800,56.1960
2017-02-15,TSLA,279.7600,55.9520
2017-02-16,TSLA,268.9500,53.7900
2017-02-17,TSLA,272.2300,54.4460
2017-02-21,TSLA,277.3900,55.4780
2017-02-22,TSLA,273.5100,54.7020
2017-02-23,TSLA,255.9900,51.1980
2017-02-24,TSLA,257.0000,51.4000
2017-02-27,TSLA,246.2300,49.2460
2017-02-28,TSLA,249.9900,49.9980
2017-03-01,TSLA,250.0200,50.0040
2017-03-02,TSLA,250.4800,50.0960
2017-03-03,TSLA,251.5700,50.3140
2017-03-06,TSLA,251.2100,50.2420
2017-03-07,TSLA,248.5900,49.7180
2017-03-08,TSLA,246.8700,49.3740
2017-03-09,TSLA,244.9000,48.9800
2017-03-10,TSLA,243.6900,48.7380
2017-03-13,TSLA,246.1700,49.2340
2017-03-14,TSLA,258.0000,51.6000
2017-03-15,TSLA,255.7300,51.1460
2017-03-16,TSLA,262.0500,52.4100
2017-03-17,TSLA,261.5000,52.3000
2017-03-20,TSLA,261.9200,52.3840
2017-03-21,TSLA,250.6800,50.1360
2017-03-22,TSLA,255.0100,51.0020
2017-03-23,TSLA,254.7800,50.9560
2017-03-24,TSLA,263.1600,52.6320
2017-03-27,TSLA,270.2200,54.0440
2017-03-28,TSLA,277.4500,55.4900
2017-03-29,TSLA,277.3800,55.4760
2017-03-30,TSLA,277.9200,55.5840
2017-03-31,TSLA,278.3000,55.6600
2017-04-03,TSLA,298.5200,59.7040
2017-04-04,TSLA,303.7000,60.7400
2017-04-05,TSLA,295.0000,59.0000
2017-04-06,TSLA,298.7000,59.7400
2017-04-07,TSLA,302.5400,60.5080
2017-04-10,TSLA,312.3900,62.4780
2017-04-11,TSLA,308.7100,61.7420
2017-04-12,TSLA,296.8400,59.3680
2017-04-13,TSLA,304.0000,60.8000
2017-04-17,TSLA,301.4400,60.2880
2017-04-18,TSLA,300.2500,60.0500
2017-04-19,TSLA,305.5200,61.1040
2017-04-20,TSLA,302.5100,60.5020
2017-04-21,TSLA,305.6000,61.1200
2017-04-24,TSLA,308.0300,61.6060
2017-04-25,TSLA,313.7900,62.7580
2017-04-26,TSLA,310.1700,62.0340
2017-04-27,TSLA,308.6300,61.7260
2017-04-28,TSLA,314.0700,62.8140
2017-05-01,TSLA,322.8300,64.5660
2017-05-02,TSLA,318.8900,63.7780
2017-05-03,TSLA,311.0200,62.2040
2017-05-04,TSLA,295.4600,59.0920
2017-05-05,TSLA,308.3500,61.6700
2017-05-08,TSLA,307.1900,61.4380
2017-05-09,TSLA,321.2600,64.2520
2017-05-10,TSLA,325.2200,65.0440
2017-05-11,TSLA,323.1000,64.6200
2017-05-12,TSLA,324.8100,64.9620
2017-05-15,TSLA,315.8800,63.1760
2017-05-16,TSLA,317.0100,63.4020
2017-05-17,TSLA,306.1100,61.2220
2017-05-18,TSLA,313.0600,62.6120
2017-05-19,TSLA,310.8300,62.1660
2017-05-22,TSLA,310.3500,62.0700
2017-05-23,TSLA,303.8600,60.7720
2017-05-24,TSLA,310.2200,62.0440
2017-05-25,TSLA,316.8300,63.3660
2017-05-26,TSLA,325.1400,65.0280
2017-05-30,TSLA,335.1000,67.0200
2017-05-31,TSLA,341.0100,68.2020
2017-06-01,TSLA,340.3700,68.0740
2017-06-02,TSLA,339.8500,67.9700
2017-06-05,TSLA,347.3200,69.4640
2017-06-06,TSLA,352.8500,70.5700
2017-06-07,TSLA,359.6500,71.9300
2017-06-08,TSLA,370.0000,74.0000
2017-06-09,TSLA,357.3200,71.4640
2017-06-12,TSLA,359.0100,71.8020
2017-06-13,TSLA,375.9500,75.1900
2017-06-14,TSLA,380.6600,76.1320
2017-06-15,TSLA,375.3400,75.0680
2017-06-16,TSLA,371.4000,74.2800
2017-06-19,TSLA,369.8000,73.9600
2017-06-20,TSLA,372.2400,74.4480
2017-06-21,TSLA,376.4000,75.2800
2017-06-22,TSLA,382.6100,76.5220
2017-06-23,TSLA,383.4500,76.6900
2017-06-26,TSLA,377.4900,75.4980
2017-06-27,TSLA,362.3700,72.4740
2017-06-28,TSLA,371.2400,74.2480
2017-06-29,TSLA,360.7500,72.1500
2017-06-30,TSLA,361.6100,72.3220
2017-07-03,TSLA,352.6200,70.5240
2017-07-05,TSLA,327.0900,65.4180
2017-07-06,TSLA,308.8300,61.7660
2017-07-07,TSLA,313.2200,62.6440
2017-07-10,TSLA,316.0500,63.2100
2017-07-11,TSLA,327.2200,65.4440
2017-07-12,TSLA,329.5200,65.9040
2017-07-13,TSLA,323.4100,64.6820
2017-07-14,TSLA,327.7800,65.5560
2017-07-17,TSLA,319.5700,63.9140
2017-07-18,TSLA,328.2400,65.6480
2017-07-19,TSLA,325.2600,65.0520
2017-07-20,TSLA,329.9200,65.9840
2017-07-21,TSLA,328.4000,65.6800
2017-07-24,TSLA,342.5200,68.5040
2017-07-25,TSLA,339.6000,67.9200
2017-07-26,TSLA,343.8500,68.7700
2017-07-27,TSLA,334.4600,66.8920
2017-07-28,TSLA,335.0700,67.0140
2017-07-31,TSLA,323.4700,64.6940
2017-08-01,TSLA,319.5700,63.9140
2017-08-02,TSLA,325.8900,65.1780
2017-08-03,TSLA,347.0900,69.4180
2017-08-04,TSLA,356.9100,71.3820
2017-08-07,TSLA,355.1700,71.0340
2017-08-08,TSLA,365.2200,73.0440
2017-08-09,TSLA,363.5300,72.7060
2017-08-10,TSLA,355.4000,71.0800
2017-08-11,TSLA,357.7150,71.5430
2017-08-14,TSLA,363.8000,72.7600
2017-08-15,TSLA,362.3300,72.4660
2017-08-16,TSLA,362.9100,72.5820
2017-08-17,TSLA,351.9200,70.3840
2017-08-18,TSLA,347.4600,69.4920
2017-08-21,TSLA,337.8600,67.5720
2017-08-22,TSLA,341.3500,68.2700
2017-08-23,TSLA,352.7700,70.5540
2017-08-24,TSLA,352.9300,70.5860
2017-08-25,TSLA,348.0500,69.6100
2017-08-28,TSLA,345.6600,69.1320
2017-08-29,TSLA,347.3600,69.4720
2017-08-30,TSLA,353.1800,70.6360
2017-08-31,TSLA,355.9000,71.1800
2017-09-01,TSLA,355.4000,71.0800
2017-09-05,TSLA,349.5900,69.9180
2017-09-06,TSLA,344.5300,68.9060
2017-09-07,TSLA,350.6100,70.1220
2017-09-08,TSLA,343.4000,68.6800
2017-09-11,TSLA,363.6900,72.7380
2017-09-12,TSLA,362.7500,72.5500
2017-09-13,TSLA,366.2300,73.2460
2017-09-14,TSLA,377.6400,75.5280
2017-09-15,TSLA,379.8100,75.9620
2017-09-18,TSLA,385.0000,77.0000
2017-09-19,TSLA,375.1000,75.0200
2017-09-20,TSLA,373.9100,74.7820
2017-09-21,TSLA,366.4800,73.2960
2017-09-22,TSLA,351.0900,70.2180
2017-09-25,TSLA,344.9900,68.9980
2017-09-26,TSLA,345.2500,69.0500
2017-09-27,TSLA,340.9700,68.1940
2017-09-28,TSLA,339.6000,67.9200
2017-09-29,TSLA,341.1000,68.2200
2017-10-02,TSLA,341.5300,68.3060
2017-10-03,TSLA,348.1400,69.6280
2017-10-04,TSLA,355.0100,71.0020
2017-10-05,TSLA,355.3300,71.0660
2017-10-06,TSLA,356.8800,71.3760
2017-10-09,TSLA,342.9400,68.5880
2017-10-10,TSLA,355.5900,71.1180
2017-10-11,TSLA,354.6000,70.9200
2017-10-12,TSLA,355.6800,71.1360
2017-10-13,TSLA,355.5700,71.1140
2017-10-16,TSLA,350.6000,70.1200
2017-10-17,TSLA,355.7500,71.1500
2017-10-18,TSLA,359.6500,71.9300
2017-10-19,TSLA,351.8100,70.3620
2017-10-20,TSLA,345.1000,69.0200
2017-10-23,TSLA,337.0200,67.4040
2017-10-24,TSLA,337.3400,67.4680
2017-10-25,TSLA,325.8400,65.1680
2017-10-26,TSLA,326.1700,65.2340
2017-10-27,TSLA,320.8700,64.1740
2017-10-30,TSLA,320.0800,64.0160
2017-10-31,TSLA,331.5300,66.3060
2017-11-01,TSLA,321.0800,64.2160
2017-11-02,TSLA,299.2600,59.8520
2017-11-03,TSLA,306.0900,61.2180
2017-11-06,TSLA,302.7800,60.5560
2017-11-07,TSLA,306.0500,61.2100
2017-11-08,TSLA,304.3900,60.8780
2017-11-09,TSLA,302.9900,60.5980
2017-11-10,TSLA,302.9900,60.5980
2017-11-13,TSLA,315.4000,63.0800
2017-11-14,TSLA,308.7000,61.7400
2017-11-15,TSLA,311.3000,62.2600
2017-11-16,TSLA,312.5000,62.5000
2017-11-17,TSLA,315.0500,63.0100
2017-11-20,TSLA,308.7400,61.7480
2017-11-21,TSLA,317.8100,63.5620
2017-11-22,TSLA,312.6000,62.5200
2017-11-24,TSLA,315.5500,63.1100
2017-11-27,TSLA,316.8100,63.3620
2017-11-28,TSLA,317.5500,63.5100
2017-11-29,TSLA,307.5400,61.5080
2017-11-30,TSLA,308.8500,61.7700
2017-12-01,TSLA,306.5300,61.3060
2017-12-04,TSLA,305.2000,61.0400
2017-12-05,TSLA,303.7000,60.7400
2017-12-06,TSLA,313.2600,62.6520
2017-12-07,TSLA,311.2400,62.2480
2017-12-08,TSLA,315.1300,63.0260
2017-12-11,TSLA,328.9100,65.7820
2017-12-12,TSLA,341.0300,68.2060
2017-12-13,TSLA,339.0300,67.8060
2017-12-14,TSLA,337.8900,67.5780
2017-12-15,TSLA,343.4500,68.6900
2017-12-18,TSLA,338.8700,67.7740
2017-12-19,TSLA,331.1000,66.2200
2017-12-20,TSLA,328.9800,65.7960
2017-12-21,TSLA,331.6600,66.3320
2017-12-22,TSLA,325.2000,65.0400
2017-12-26,TSLA,317.2900,63.4580
2017-12-27,TSLA,311.6400,62.3280
2017-12-28,TSLA,315.3600,63.0720
2017-12-29,TSLA,311.3500,62.2700
2018-01-02,TSLA,320.5300,64.1060
2018-01-03,TSLA,317.2500,63.4500
2018-01-04,TSLA,314.6200,62.9240
2018-01-05,TSLA,316.5800,63.3160
2018-01-08,TSLA,336.4100,67.2820
2018-01-09,TSLA,333.6900,66.7380
2018-01-10,TSLA,334.8000,66.9600
2018-01-11,TSLA,337.9500,67.5900
2018-01-12,TSLA,336.2200,67.2440
2018-01-16,TSLA,340.0600,68.0120
2018-01-17,TSLA,347.1600,69.4320
2018-01-18,TSLA,344.5700,68.9140
2018-01-19,TSLA,350.0200,70.0040
2018-01-22,TSLA,351.5600,70.3120
2018-01-23,TSLA,352.7900,70.5580
2018-01-24,TSLA,345.8900,69.1780
2018-01-25,TSLA,337.6400,67.5280
2018-01-26,TSLA,342.8500,68.5700
2018-01-29,TSLA,349.5300,69.9060
2018-01-30,TSLA,345.8200,69.1640
2018-01-31,TSLA,354.3100,70.8620
2018-02-01,TSLA,349.2500,69.8500
2018-02-02,TSLA,343.7500,68.7500
2018-02-05,TSLA,333.1300,66.6260
2018-02-06,TSLA,333.9700,66.7940
2018-02-07,TSLA,345.0000,69.0000
2018-02-08,TSLA,315.2300,63.0460
2018-02-09,TSLA,310.4200,62.0840
2018-02-12,TSLA,315.7300,63.1460
2018-02-13,TSLA,323.6600,64.7320
2018-02-14,TSLA,322.3100,64.4620
2018-02-15,TSLA,334.0700,66.8140
2018-02-16,TSLA,335.4900,67.0980
2018-02-20,TSLA,334.7700,66.9540
2018-02-21,TSLA,333.3000,66.6600
2018-02-22,TSLA,346.1700,69.2340
2018-02-23,TSLA,352.0500,70.4100
2018-02-26,TSLA,357.4200,71.4840
2018-02-27,TSLA,350.9900,70.1980
2018-02-28,TSLA,343.0600,68.6120
2018-03-01,TSLA,330.9300,66.1860
2018-03-02,TSLA,335.1200,67.0240
2018-03-05,TSLA,333.3500,66.6700
2018-03-06,TSLA,328.2000,65.6400
2018-03-07,TSLA,332.3000,66.4600
2018-03-08,TSLA,329.1000,65.8200
2018-03-09,TSLA,327.1700,65.4340
2018-03-12,TSLA,345.5100,69.1020
2018-03-13,TSLA,341.8400,68.3680
2018-03-14,TSLA,326.6300,65.3260
2018-03-15,TSLA,325.6000,65.1200
2018-03-16,TSLA,321.3500,64.2700
2018-03-19,TSLA,313.5600,62.7120
2018-03-20,TSLA,310.5500,62.1100
2018-03-21,TSLA,316.5300,63.3060
2018-03-22,TSLA,309.1000,61.8200
2018-03-23,TSLA,301.5400,60.3080
2018-03-26,TSLA,304.1800,60.8360
2018-03-27,TSLA,279.1800,55.8360
2018-03-28,TSLA,257.7800,51.5560
2018-03-29,TSLA,266.1300,53.2260
2018-04-02,TSLA,252.4800,50.4960
2018-04-03,TSLA,267.5300,53.5060
2018-04-04,TSLA,286.9400,57.3880
2018-04-05,TSLA,305.7200,61.1440
2018-04-06,TSLA,299.3000,59.8600
2018-04-09,TSLA,289.6600,57.9320
2018-04-10,TSLA,304.7000,60.9400
2018-04-11,TSLA,300.9300,60.1860
2018-04-12,TSLA,294.0800,58.8160
2018-04-13,TSLA,300.3400,60.0680
2018-04-16,TSLA,291.2100,58.2420
2018-04-17,TSLA,287.6900,57.5380
2018-04-18,TSLA,293.3500,58.6700
2018-04-19,TSLA,300.0800,60.0160
2018-04-20,TSLA,290.2400,58.0480
2018-04-23,TSLA,283.3700,56.6740
2018-04-24,TSLA,283.4600,56.6920
2018-04-25,TSLA,280.6900,56.1380
2018-04-26,TSLA,285.4800,57.0960
2018-04-27,TSLA,294.0800,58.8160
2018-04-30,TSLA,293.9000,58.7800
2018-05-01,TSLA,299.9200,59.9840
2018-05-02,TSLA,301.1500,60.2300
2018-05-03,TSLA,284.4500,56.8900
2018-05-04,TSLA,294.0900,58.8180
2018-05-07,TSLA,302.7700,60.5540
2018-05-08,TSLA,301.9700,60.3940
2018-05-09,TSLA,306.8500,61.3700
2018-05-10,TSLA,305.0200,61.0040
2018-05-11,TSLA,301.0600,60.2120
2018-05-14,TSLA,291.9700,58.3940
2018-05-15,TSLA,284.1800,56.8360
2018-05-16,TSLA,286.4800,57.2960
2018-05-17,TSLA,284.5400,56.9080
2018-05-18,TSLA,276.8200,55.3640
2018-05-21,TSLA,284.4900,56.8980
2018-05-22,TSLA,275.0100,55.0020
2018-05-23,TSLA,279.0700,55.8140
2018-05-24,TSLA,277.8500,55.5700
2018-05-25,TSLA,278.8500,55.7700
2018-05-29,TSLA,283.7600,56.7520
2018-05-30,TSLA,291.7200,58.3440
2018-05-31,TSLA,284.7300,56.9460
2018-06-01,TSLA,291.8200,58.3640
2018-06-04,TSLA,296.7400,59.3480
2018-06-05,TSLA,291.1300,58.2260
2018-06-06,TSLA,319.5000,63.9000
2018-06-07,TSLA,316.0900,63.2180
2018-06-08,TSLA,317.6600,63.5320
2018-06-11,TSLA,332.1000,66.4200
2018-06-12,TSLA,342.7700,68.5540
2018-06-13,TSLA,344.7800,68.9560
2018-06-14,TSLA,357.7200,71.5440
2018-06-15,TSLA,358.1700,71.6340
2018-06-18,TSLA,370.8300,74.1660
2018-06-19,TSLA,352.5500,70.5100
2018-06-20,TSLA,362.2200,72.4440
2018-06-21,TSLA,347.5100,69.5020
2018-06-22,TSLA,333.6300,66.7260
2018-06-25,TSLA,333.0100,66.6020
2018-06-26,TSLA,342.0000,68.4000
2018-06-27,TSLA,344.5000,68.9000
2018-06-28,TSLA,349.9300,69.9860
2018-06-29,TSLA,342.9500,68.5900
2018-07-02,TSLA,335.0700,67.0140
2018-07-03,TSLA,310.8600,62.1720
2018-07-05,TSLA,309.1600,61.8320
2018-07-06,TSLA,308.9000,61.7800
2018-07-09,TSLA,318.5100,63.7020
2018-07-10,TSLA,322.4700,64.4940
2018-07-11,TSLA,318.9600,63.7920
2018-07-12,TSLA,316.7100,63.3420
2018-07-13,TSLA,318.8700,63.7740
2018-07-16,TSLA,310.1000,62.0200
2018-07-17,TSLA,322.6900,64.5380
2018-07-18,TSLA,323.8500,64.7700
2018-07-19,TSLA,320.2300,64.0460
2018-07-20,TSLA,313.5800,62.7160
2018-07-23,TSLA,303.2000,60.6400
2018-07-24,TSLA,297.4300,59.4860
2018-07-25,TSLA,308.7400,61.7480
2018-07-26,TSLA,306.6500,61.3300
2018-07-27,TSLA,297.1800,59.4360
2018-07-30,TSLA,290.1700,58.0340
2018-07-31,TSLA,298.1400,59.6280
2018-08-01,TSLA,300.8400,60.1680
2018-08-02,TSLA,349.5400,69.9080
2018-08-03,TSLA,348.1700,69.6340
2018-08-06,TSLA,341.9900,68.3980
2018-08-07,TSLA,379.5700,75.9140
2018-08-08,TSLA,370.3400,74.0680
2018-08-09,TSLA,352.4500,70.4900
2018-08-10,TSLA,355.4900,71.0980
2018-08-13,TSLA,356.4100,71.2820
2018-08-14,TSLA,347.6400,69.5280
2018-08-15,TSLA,338.6900,67.7380
2018-08-16,TSLA,335.4500,67.0900
2018-08-17,TSLA,305.5000,61.1000
2018-08-20,TSLA,308.4400,61.6880
2018-08-21,TSLA,321.9000,64.3800
2018-08-22,TSLA,321.6400,64.3280
2018-08-23,TSLA,320.1000,64.0200
2018-08-24,TSLA,322.8200,64.5640
2018-08-27,TSLA,319.2700,63.8540
2018-08-28,TSLA,311.8600,62.3720
2018-08-29,TSLA,305.0100,61.0020
2018-08-30,TSLA,303.1500,60.6300
2018-08-31,TSLA,301.6600,60.3320
2018-09-04,TSLA,288.9500,57.7900
2018-09-05,TSLA,280.7400,56.1480
2018-09-06,TSLA,280.9500,56.1900
2018-09-07,TSLA,263.2400,52.6480
2018-09-10,TSLA,285.5000,57.1000
2018-09-11,TSLA,279.4400,55.8880
2018-09-12,TSLA,290.5400,58.1080
2018-09-13,TSLA,289.4600,57.8920
2018-09-14,TSLA,295.2000,59.0400
2018-09-17,TSLA,294.8400,58.9680
2018-09-18,TSLA,284.9600,56.9920
2018-09-19,TSLA,299.0200,59.8040
2018-09-20,TSLA,298.3300,59.6660
2018-09-21,TSLA,299.1000,59.8200
2018-09-24,TSLA,299.6800,59.9360
2018-09-25,TSLA,300.9900,60.1980
2018-09-26,TSLA,309.5800,61.9160
2018-09-27,TSLA,307.5200,61.5040
2018-09-28,TSLA,264.7700,52.9540
2018-10-01,TSLA,310.7000,62.1400
2018-10-02,TSLA,301.0200,60.2040
2018-10-03,TSLA,294.8000,58.9600
2018-10-04,TSLA,281.8300,56.3660
2018-10-05,TSLA,261.9500,52.3900
2018-10-08,TSLA,250.5600,50.1120
2018-10-09,TSLA,262.8000,52.5600
2018-10-10,TSLA,256.8800,51.3760
2018-10-11,TSLA,252.2300,50.4460
2018-10-12,TSLA,258.7800,51.7560
2018-10-15,TSLA,259.5900,51.9180
2018-10-16,TSLA,276.5900,55.3180
2018-10-17,TSLA,271.7800,54.3560
2018-10-18,TSLA,263.9100,52.7820
2018-10-19,TSLA,260.0000,52.0000
2018-10-22,TSLA,260.9500,52.1900
2018-10-23,TSLA,294.1400,58.8280
2018-10-24,TSLA,288.5000,57.7000
2018-10-25,TSLA,314.8600,62.9720
2018-10-26,TSLA,330.9000,66.1800
2018-10-29,TSLA,334.8500,66.9700
2018-10-30,TSLA,329.9000,65.9800
2018-10-31,TSLA,337.3200,67.4640
2018-11-01,TSLA,344.2800,68.8560
2018-11-02,TSLA,346.4100,69.2820
2018-11-05,TSLA,341.4000,68.2800
2018-11-06,TSLA,341.0600,68.2120
2018-11-07,TSLA,348.1600,69.6320
2018-11-08,TSLA,351.4000,70.2800
2018-11-09,TSLA,350.5100,70.1020
2018-11-12,TSLA,331.2800,66.2560
2018-11-13,TSLA,338.7300,67.7460
2018-11-14,TSLA,344.0000,68.8000
2018-11-15,TSLA,348.4400,69.6880
2018-11-16,TSLA,354.3100,70.8620
2018-11-19,TSLA,353.4700,70.6940
2018-11-20,TSLA,347.4900,69.4980
2018-11-21,TSLA,338.1900,67.6380
2018-11-23,TSLA,325.8300,65.1660
2018-11-26,TSLA,346.0000,69.2000
2018-11-27,TSLA,343.9200,68.7840
2018-11-28,TSLA,347.8700,69.5740
2018-11-29,TSLA,341.1700,68.2340
2018-11-30,TSLA,350.4800,70.0960
2018-12-03,TSLA,358.4900,71.6980
2018-12-04,TSLA,359.7000,71.9400
2018-12-06,TSLA,363.0600,72.6120
2018-12-07,TSLA,357.9700,71.5940
2018-12-10,TSLA,365.1500,73.0300
2018-12-11,TSLA,366.7600,73.3520
2018-12-12,TSLA,366.6000,73.3200
2018-12-13,TSLA,376.7900,75.3580
2018-12-14,TSLA,365.7100,73.1420
2018-12-17,TSLA,348.4200,69.6840
2018-12-18,TSLA,337.0300,67.4060
2018-12-19,TSLA,332.9700,66.5940
2018-12-20,TSLA,315.3800,63.0760
2018-12-21,TSLA,319.7700,63.9540
2018-12-24,TSLA,295.3900,59.0780
2018-12-26,TSLA,326.0900,65.2180
2018-12-27,TSLA,316.1300,63.2260
2018-12-28,TSLA,333.8700,66.7740
2018-12-31,TSLA,332.8000,66.5600
2019-01-02,TSLA,310.1200,62.0240
2019-01-03,TSLA,300.3600,60.0720
2019-01-04,TSLA,317.6900,63.5380
2019-01-07,TSLA,334.9600,66.9920
2019-01-08,TSLA,335.3500,67.0700
2019-01-09,TSLA,338.5300,67.7060
2019-01-10,TSLA,344.9700,68.9940
2019-01-11,TSLA,347.2600,69.4520
2019-01-14,TSLA,334.4000,66.8800
2019-01-15,TSLA,344.4300,68.8860
2019-01-16,TSLA,346.0500,69.2100
2019-01-17,TSLA,347.3100,69.4620
2019-01-18,TSLA,302.2600,60.4520
2019-01-22,TSLA,298.9200,59.7840
2019-01-23,TSLA,287.5900,57.5180
2019-01-24,TSLA,291.5100,58.3020
2019-01-25,TSLA,297.0400,59.4080
2019-01-28,TSLA,296.3800,59.2760
2019-01-29,TSLA,297.4600,59.4920
2019-01-30,TSLA,308.7700,61.7540
2019-01-31,TSLA,307.0200,61.4040
2019-02-01,TSLA,312.2100,62.4420
2019-02-04,TSLA,312.8900,62.5780
2019-02-05,TSLA,321.3500,64.2700
2019-02-06,TSLA,317.2200,63.4440
2019-02-07,TSLA,307.5100,61.5020
2019-02-08,TSLA,305.8000,61.1600
2019-02-11,TSLA,312.8400,62.5680
2019-02-12,TSLA,311.8100,62.3620
2019-02-13,TSLA,308.1700,61.6340
2019-02-14,TSLA,303.7700,60.7540
2019-02-15,TSLA,307.8800,61.5760
2019-02-19,TSLA,305.6400,61.1280
2019-02-20,TSLA,302.5600,60.5120
2019-02-21,TSLA,291.2300,58.2460
2019-02-22,TSLA,294.7100,58.9420
2019-02-25,TSLA,298.7700,59.7540
2019-02-26,TSLA,297.8600,59.5720
2019-02-27,TSLA,314.7400,62.9480
2019-02-28,TSLA,319.8800,63.9760
2019-03-01,TSLA,294.7900,58.9580
2019-03-04,TSLA,285.3600,57.0720
2019-03-05,TSLA,276.5400,55.3080
2019-03-06,TSLA,276.2400,55.2480
2019-03-07,TSLA,276.5900,55.3180
2019-03-08,TSLA,284.1400,56.8280
2019-03-11,TSLA,290.9200,58.1840
2019-03-12,TSLA,283.3600,56.6720
2019-03-13,TSLA,288.9600,57.7920
2019-03-14,TSLA,289.9600,57.9920
2019-03-15,TSLA,275.4300,55.0860
2019-03-18,TSLA,269.4900,53.8980
2019-03-19,TSLA,267.4700,53.4940
2019-03-20,TSLA,273.6000,54.7200
2019-03-21,TSLA,274.0200,54.8040
2019-03-22,TSLA,264.5300,52.9060
2019-03-25,TSLA,260.4200,52.0840
2019-03-26,TSLA,267.7700,53.5540
2019-03-27,TSLA,274.8300,54.9660
2019-03-28,TSLA,278.6200,55.7240
2019-03-29,TSLA,279.8600,55.9720
2019-04-01,TSLA,289.1800,57.8360
2019-04-02,TSLA,285.8800,57.1760
2019-04-03,TSLA,291.8100,58.3620
2019-04-04,TSLA,267.7800,53.5560
2019-04-05,TSLA,274.9600,54.9920
2019-04-08,TSLA,273.2000,54.6400
2019-04-09,TSLA,272.3100,54.4620
2019-04-10,TSLA,276.0600,55.2120
2019-04-11,TSLA,268.4200,53.6840
2019-04-12,TSLA,267.7000,53.5400
2019-04-15,TSLA,266.3800,53.2760
2019-04-16,TSLA,273.3600,54.6720
2019-04-17,TSLA,271.2300,54.2460
2019-04-18,TSLA,273.2600,54.6520
2019-04-22,TSLA,262.7500,52.5500
2019-04-23,TSLA,263.9000,52.7800
2019-04-24,TSLA,258.6600,51.7320
2019-04-25,TSLA,247.6300,49.5260
2019-04-26,TSLA,235.1400,47.0280
2019-04-29,TSLA,241.4700,48.2940
2019-04-30,TSLA,238.6900,47.7380
2019-05-01,TSLA,234.0100,46.8020
2019-05-02,TSLA,244.1000,48.8200
2019-05-03,TSLA,255.0300,51.0060
2019-05-06,TSLA,255.3400,51.0680
2019-05-07,TSLA,247.0600,49.4120
2019-05-08,TSLA,244.8400,48.9680
2019-05-09,TSLA,241.9800,48.3960
2019-05-10,TSLA,239.5200,47.9040
2019-05-13,TSLA,227.0100,45.4020
2019-05-14,TSLA,232.3100,46.4620
2019-05-15,TSLA,231.9500,46.3900
2019-05-16,TSLA,228.3300,45.6660
2019-05-17,TSLA,211.0300,42.2060
2019-05-20,TSLA,205.3600,41.0720
2019-05-21,TSLA,205.0800,41.0160
2019-05-22,TSLA,192.7300,38.5460
2019-05-23,TSLA,195.4900,39.0980
2019-05-24,TSLA,190.6300,38.1260
2019-05-28,TSLA,188.7000,37.7400
2019-05-29,TSLA,189.8600,37.9720
2019-05-30,TSLA,188.2200,37.6440
2019-05-31,TSLA,185.1600,37.0320
2019-06-03,TSLA,178.9700,35.7940
2019-06-04,TSLA,193.6000,38.7200
2019-06-05,TSLA,196.5900,39.3180
2019-06-06,TSLA,205.9500,41.1900
2019-06-07,TSLA,204.5000,40.9000
2019-06-10,TSLA,212.8800,42.5760
2019-06-11,TSLA,217.1000,43.4200
2019-06-12,TSLA,209.2600,41.8520
2019-06-13,TSLA,213.9100,42.7820
2019-06-14,TSLA,214.9200,42.9840
2019-06-17,TSLA,225.0300,45.0060
2019-06-18,TSLA,224.7400,44.9480
2019-06-19,TSLA,226.4300,45.2860
2019-06-20,TSLA,219.6200,43.9240
2019-06-21,TSLA,221.8600,44.3720
2019-06-24,TSLA,223.6400,44.7280
2019-06-25,TSLA,219.7600,43.9520
2019-06-26,TSLA,219.2700,43.8540
2019-06-27,TSLA,222.8400,44.5680
2019-06-28,TSLA,223.4600,44.6920
2019-07-01,TSLA,227.1700,45.4340
2019-07-02,TSLA,224.5500,44.9100
2019-07-03,TSLA,234.9000,46.9800
2019-07-05,TSLA,233.1000,46.6200
2019-07-08,TSLA,230.3400,46.0680
2019-07-09,TSLA,230.0600,46.0120
2019-07-10,TSLA,238.9200,47.7840
2019-07-11,TSLA,238.6000,47.7200
2019-07-12,TSLA,245.0800,49.0160
2019-07-15,TSLA,253.5000,50.7000
2019-07-16,TSLA,252.3800,50.4760
2019-07-17,TSLA,254.8600,50.9720
2019-07-18,TSLA,253.5400,50.7080
2019-07-19,TSLA,258.1800,51.6360
2019-07-22,TSLA,255.6800,51.1360
2019-07-23,TSLA,260.1700,52.0340
2019-07-24,TSLA,264.8800,52.9760
2019-07-25,TSLA,228.8200,45.7640
2019-07-26,TSLA,228.0400,45.6080
2019-07-29,TSLA,235.7700,47.1540
2019-07-30,TSLA,242.2600,48.4520
2019-07-31,TSLA,241.6100,48.3220
2019-08-01,TSLA,233.8500,46.7700
2019-08-02,TSLA,234.3400,46.8680
2019-08-05,TSLA,228.3200,45.6640
2019-08-06,TSLA,230.7500,46.1500
2019-08-07,TSLA,233.4200,46.6840
2019-08-08,TSLA,238.3000,47.6600
2019-08-09,TSLA,235.0100,47.0020
2019-08-12,TSLA,229.0100,45.8020
2019-08-13,TSLA,235.0000,47.0000
2019-08-14,TSLA,219.6200,43.9240
2019-08-15,TSLA,215.6400,43.1280
2019-08-16,TSLA,219.9400,43.9880
2019-08-19,TSLA,226.8300,45.3660
2019-08-20,TSLA,225.8600,45.1720
2019-08-21,TSLA,220.8300,44.1660
2019-08-22,TSLA,222.1500,44.4300
2019-08-23,TSLA,211.4000,42.2800
2019-08-26,TSLA,215.0000,43.0000
2019-08-27,TSLA,214.0800,42.8160
2019-08-28,TSLA,215.5900,43.1180
2019-08-29,TSLA,221.7100,44.3420
2019-08-30,TSLA,225.6100,45.1220
2019-09-03,TSLA,225.0100,45.0020
2019-09-04,TSLA,220.6800,44.1360
2019-09-05,TSLA,229.5800,45.9160
2019-09-06,TSLA,227.4500,45.4900
2019-09-09,TSLA,231.7900,46.3580
2019-09-10,TSLA,235.5400,47.1080
2019-09-11,TSLA,247.1000,49.4200
2019-09-12,TSLA,245.8700,49.1740
2019-09-13,TSLA,245.2000,49.0400
2019-09-16,TSLA,242.8100,48.5620
2019-09-17,TSLA,244.7900,48.9580
2019-09-18,TSLA,243.4900,48.6980
2019-09-19,TSLA,246.6000,49.3200
2019-09-20,TSLA,240.6200,48.1240
2019-09-23,TSLA,241.2300,48.2460
2019-09-24,TSLA,223.2100,44.6420
2019-09-25,TSLA,228.7000,45.7400
2019-09-26,TSLA,242.5600,48.5120
2019-09-27,TSLA,242.1300,48.4260
2019-09-30,TSLA,240.8700,48.1740
2019-10-01,TSLA,244.6900,48.9380
2019-10-02,TSLA,243.1300,48.6260
2019-10-03,TSLA,233.0300,46.6060
2019-10-04,TSLA,231.4300,46.2860
2019-10-07,TSLA,237.7200,47.5440
2019-10-08,TSLA,240.0500,48.0100
2019-10-09,TSLA,244.5300,48.9060
2019-10-10,TSLA,244.7400,48.9480
2019-10-11,TSLA,247.8900,49.5780
2019-10-14,TSLA,256.9600,51.3920
2019-10-15,TSLA,257.8900,51.5780
2019-10-16,TSLA,259.7500,51.9500
2019-10-17,TSLA,261.9700,52.3940
2019-10-18,TSLA,256.9500,51.3900
2019-10-21,TSLA,253.5000,50.7000
2019-10-22,TSLA,255.5800,51.1160
2019-10-23,TSLA,254.6800,50.9360
2019-10-24,TSLA,299.6800,59.9360
2019-10-25,TSLA,328.1300,65.6260
2019-10-28,TSLA,327.7100,65.5420
2019-10-29,TSLA,316.2200,63.2440
2019-10-30,TSLA,315.0100,63.0020
2019-10-31,TSLA,314.9200,62.9840
2019-11-01,TSLA,313.3100,62.6620
2019-11-04,TSLA,317.4700,63.4940
2019-11-05,TSLA,317.2200,63.4440
2019-11-06,TSLA,326.5800,65.3160
2019-11-07,TSLA,335.5400,67.1080
2019-11-08,TSLA,337.1400,67.4280
2019-11-11,TSLA,345.0900,69.0180
2019-11-12,TSLA,349.9300,69.9860
2019-11-13,TSLA,346.1100,69.2220
2019-11-14,TSLA,349.3500,69.8700
2019-11-15,TSLA,352.1700,70.4340
2019-11-18,TSLA,349.9900,69.9980
2019-11-19,TSLA,359.5200,71.9040
2019-11-20,TSLA,352.2200,70.4440
2019-11-21,TSLA,354.8300,70.9660
2019-11-22,TSLA,333.0400,66.6080
2019-11-25,TSLA,336.3400,67.2680
2019-11-26,TSLA,328.9200,65.7840
2019-11-27,TSLA,331.2900,66.2580
2019-11-29,TSLA,329.9400,65.9880
2019-12-02,TSLA,334.8700,66.9740
2019-12-03,TSLA,336.2000,67.2400
2019-12-04,TSLA,333.0300,66.6060
2019-12-05,TSLA,330.3700,66.0740
2019-12-06,TSLA,335.8900,67.1780
2019-12-09,TSLA,339.5300,67.9060
2019-12-10,TSLA,348.8400,69.7680
2019-12-11,TSLA,352.7000,70.5400
2019-12-12,TSLA,359.6800,71.9360
2019-12-13,TSLA,358.3900,71.6780
2019-12-16,TSLA,381.5000,76.3000
2019-12-17,TSLA,378.9900,75.7980
2019-12-18,TSLA,393.1500,78.6300
2019-12-19,TSLA,404.0400,80.8080
2019-12-20,TSLA,405.5900,81.1180
2019-12-23,TSLA,419.2200,83.8440
2019-12-24,TSLA,425.2500,85.0500
2019-12-26,TSLA,430.9400,86.1880
2019-12-27,TSLA,430.3800,86.0760
2019-12-30,TSLA,414.7000,82.9400
2019-12-31,TSLA,418.3300,83.6660
2020-01-02,TSLA,430.2600,86.0520
2020-01-03,TSLA,443.0100,88.6020
2020-01-06,TSLA,451.5400,90.3080
2020-01-07,TSLA,469.0600,93.8120
2020-01-08,TSLA,492.1400,98.4280
2020-01-09,TSLA,481.3400,96.2680
2020-01-10,TSLA,478.1500,95.6300
2020-01-13,TSLA,524.8600,104.9720
2020-01-14,TSLA,537.9200,107.5840
2020-01-15,TSLA,518.5000,103.7000
2020-01-16,TSLA,513.4900,102.6980
2020-01-17,TSLA,510.5000,102.1000
2020-01-21,TSLA,547.2000,109.4400
2020-01-22,TSLA,569.5600,113.9120
2020-01-23,TSLA,572.2000,114.4400
2020-01-24,TSLA,564.8200,112.9640
2020-01-27,TSLA,558.0200,111.6040
2020-01-28,TSLA,566.9000,113.3800
2020-01-29,TSLA,580.9900,116.1980
2020-01-30,TSLA,640.8100,128.1620
2020-01-31,TSLA,650.5700,130.1140
2020-02-03,TSLA,780.0000,156.0000
2020-02-04,TSLA,887.0600,177.4120
2020-02-05,TSLA,734.7000,146.9400
2020-02-06,TSLA,748.9600,149.7920
2020-02-07,TSLA,748.0700,149.6140
2020-02-10,TSLA,771.2800,154.2560
2020-02-11,TSLA,774.3800,154.8760
2020-02-12,TSLA,767.2900,153.4580
2020-02-13,TSLA,804.0000,160.8000
2020-02-14,TSLA,800.0300,160.0060
2020-02-18,TSLA,858.4000,171.6800
2020-02-19,TSLA,917.4200,183.4840
2020-02-20,TSLA,899.4100,179.8820
2020-02-21,TSLA,901.0000,180.2000
2020-02-24,TSLA,833.7900,166.7580
2020-02-25,TSLA,799.9100,159.9820
2020-02-26,TSLA,778.8000,155.7600
2020-02-27,TSLA,679.0000,135.8000
2020-02-28,TSLA,667.9900,133.5980
2020-03-02,TSLA,743.6200,148.7240
2020-03-03,TSLA,745.5100,149.1020
2020-03-04,TSLA,749.5000,149.9000
2020-03-05,TSLA,724.5400,144.9080
2020-03-06,TSLA,703.4800,140.6960
2020-03-09,TSLA,608.0000,121.6000
2020-03-10,TSLA,645.3300,129.0660
2020-03-11,TSLA,634.2300,126.8460
2020-03-12,TSLA,560.5500,112.1100
2020-03-13,TSLA,546.6200,109.3240
2020-03-16,TSLA,445.0700,89.0140
2020-03-17,TSLA,430.2000,86.0400
2020-03-18,TSLA,361.2200,72.2440
2020-03-19,TSLA,427.6400,85.5280
2020-03-20,TSLA,427.5300,85.5060
2020-03-23,TSLA,434.2900,86.8580
2020-03-24,TSLA,505.0000,101.0000
2020-03-25,TSLA,539.2500,107.8500
2020-03-26,TSLA,528.1600,105.6320
2020-03-27,TSLA,514.3600,102.8720
2020-03-30,TSLA,502.1300,100.4260
2020-03-31,TSLA,524.0000,104.8000
2020-04-01,TSLA,481.5600,96.3120
2020-04-02,TSLA,454.4700,90.8940
2020-04-03,TSLA,480.0100,96.0020
2020-04-06,TSLA,516.2400,103.2480
2020-04-07,TSLA,545.4500,109.0900
2020-04-08,TSLA,548.8400,109.7680
2020-04-09,TSLA,573.0000,114.6000
2020-04-13,TSLA,650.9500,130.1900
2020-04-14,TSLA,709.8900,141.9780
2020-04-15,TSLA,729.8300,145.9660
2020-04-16,TSLA,745.2100,149.0420
2020-04-17,TSLA,753.8900,150.7780
2020-04-20,TSLA,746.3600,149.2720
2020-04-21,TSLA,686.7200,137.3440
2020-04-22,TSLA,732.1100,146.4220
2020-04-23,TSLA,705.6300,141.1260
2020-04-24,TSLA,725.1500,145.0300
2020-04-27,TSLA,798.7500,159.7500
2020-04-28,TSLA,769.1200,153.8240
2020-04-29,TSLA,800.5100,160.1020
2020-04-30,TSLA,781.8800,156.3760
2020-05-01,TSLA,701.3200,140.2640
2020-05-04,TSLA,761.1900,152.2380
2020-05-05,TSLA,768.2100,153.6420
2020-05-06,TSLA,782.5800,156.5160
2020-05-07,TSLA,780.0400,156.0080
2020-05-08,TSLA,819.4200,163.8840
2020-05-11,TSLA,811.2900,162.2580
2020-05-12,TSLA,809.4100,161.8820
2020-05-13,TSLA,790.9600,158.1920
2020-05-14,TSLA,803.3300,160.6660
2020-05-15,TSLA,799.1700,159.8340
2020-05-18,TSLA,813.6300,162.7260
2020-05-19,TSLA,808.0100,161.6020
2020-05-20,TSLA,815.5600,163.1120
2020-05-21,TSLA,827.6000,165.5200
2020-05-22,TSLA,816.8800,163.3760
2020-05-26,TSLA,818.8700,163.7740
2020-05-27,TSLA,820.2300,164.0460
2020-05-28,TSLA,805.8100,161.1620
2020-05-29,TSLA,835.0000,167.0000
2020-06-01,TSLA,898.1000,179.6200
2020-06-02,TSLA,881.5600,176.3120
2020-06-03,TSLA,882.9600,176.5920
2020-06-04,TSLA,864.3800,172.8760
2020-06-05,TSLA,885.6600,177.1320
2020-06-08,TSLA,949.9200,189.9840
2020-06-09,TSLA,940.6700,188.1340
2020-06-10,TSLA,1025.0500,205.0100
2020-06-11,TSLA,972.8400,194.5680
2020-06-12,TSLA,935.2800,187.0560
2020-06-15,TSLA,990.9000,198.1800
2020-06-16,TSLA,982.1300,196.4260
2020-06-17,TSLA,991.7900,198.3580
2020-06-18,TSLA,1003.9600,200.7920
2020-06-19,TSLA,1000.9000,200.1800
2020-06-22,TSLA,994.3200,198.8640
2020-06-23,TSLA,1001.7800,200.3560
2020-06-24,TSLA,960.8500,192.1700
2020-06-25,TSLA,985.9800,197.1960
2020-06-26,TSLA,959.7400,191.9480
2020-06-29,TSLA,1009.3500,201.8700
2020-06-30,TSLA,1079.8100,215.9620
2020-07-01,TSLA,1119.6300,223.9260
2020-07-02,TSLA,1208.6600,241.7320
2020-07-06,TSLA,1371.5800,274.3160
2020-07-07,TSLA,1389.8600,277.9720
2020-07-08,TSLA,1365.8800,273.1760
2020-07-09,TSLA,1394.2800,278.8560
2020-07-10,TSLA,1544.6500,308.9300
2020-07-13,TSLA,1497.0600,299.4120
2020-07-14,TSLA,1516.8000,303.3600
2020-07-15,TSLA,1546.0100,309.2020
2020-07-16,TSLA,1500.6400,300.1280
2020-07-17,TSLA,1500.8400,300.1680
2020-07-20,TSLA,1643.0000,328.6000
2020-07-21,TSLA,1568.3600,313.6720
2020-07-22,TSLA,1592.3300,318.4660
2020-07-23,TSLA,1513.0700,302.6140
2020-07-24,TSLA,1417.0000,283.4000
2020-07-27,TSLA,1539.6000,307.9200
2020-07-28,TSLA,1476.4900,295.2980
2020-07-29,TSLA,1499.1100,299.8220
2020-07-30,TSLA,1487.4900,297.4980
2020-07-31,TSLA,1430.7600,286.1520
2020-08-03,TSLA,1485.0000,297.0000
2020-08-04,TSLA,1487.0000,297.4000
2020-08-05,TSLA,1485.0200,297.0040
2020-08-06,TSLA,1489.5800,297.9160
2020-08-07,TSLA,1452.7100,290.5420
2020-08-10,TSLA,1418.5700,283.7140
2020-08-11,TSLA,1374.3900,274.8780
2020-08-12,TSLA,1554.7600,310.9520
2020-08-13,TSLA,1621.0000,324.2000
2020-08-14,TSLA,1650.7100,330.1420
2020-08-17,TSLA,1835.6400,367.1280
2020-08-18,TSLA,1887.0900,377.4180
2020-08-19,TSLA,1878.5300,375.7060
2020-08-20,TSLA,2001.8300,400.3660
2020-08-21,TSLA,2049.9800,409.9960
2020-08-24,TSLA,2014.2000,402.8400
2020-08-25,TSLA,2023.3400,404.6680
2020-08-26,TSLA,2153.1700,430.6340
2020-08-27,TSLA,2238.7500,447.7500
2020-08-28,TSLA,2213.4000,442.6800
2020-08-31,TSLA,498.3200,498.3200
2020-09-01,TSLA,475.0500,475.0500
2020-09-02,TSLA,447.3700,447.3700
2020-09-03,TSLA,407.0000,407.0000
2020-09-04,TSLA,418.3200,418.3200
2020-09-08,TSLA,330.2100,330.2100
2020-09-09,TSLA,366.2800,366.2800
2020-09-10,TSLA,371.3400,371.3400
2020-09-11,TSLA,372.7200,372.7200
2020-09-14,TSLA,419.6200,419.6200
2020-09-15,TSLA,449.7600,449.7600
2020-09-16,TSLA,441.7600,441.7600
2020-09-17,TSLA,423.4300,423.4300
2020-09-18,TSLA,442.1500,442.1500
2020-09-21,TSLA,449.3900,449.3900
2020-09-22,TSLA,424.2300,424.2300
2020-09-23,TSLA,380.3600,380.3600
2020-09-24,TSLA,387.7900,387.7900
2020-09-25,TSLA,407.3400,407.3400
2020-09-28,TSLA,421.2000,421.2000
2020-09-29,TSLA,419.0700,419.0700
2020-09-30,TSLA,429.0100,429.0100
2020-10-01,TSLA,448.1600,448.1600
2020-10-02,TSLA,415.0900,415.0900
2020-10-05,TSLA,425.6800,425.6800
2020-10-06,TSLA,413.9800,413.9800
2020-10-07,TSLA,425.3000,425.3000
2020-10-08,TSLA,425.9200,425.9200
2020-10-09,TSLA,434.0000,434.0000
2020-10-12,TSLA,442.3000,442.3000
2020-10-13,TSLA,446.6500,446.6500
2020-10-14,TSLA,461.3000,461.3000
2020-10-15,TSLA,448.8800,448.8800
2020-10-16,TSLA,439.6700,439.6700
2020-10-19,TSLA,430.8300,430.8300
2020-10-20,TSLA,421.9400,421.9400
2020-10-21,TSLA,422.6400,422.6400
2020-10-22,TSLA,425.7900,425.7900
2020-10-23,TSLA,420.6300,420.6300
2020-10-26,TSLA,420.2800,420.2800
2020-10-27,TSLA,424.6800,424.6800
2020-10-28,TSLA,406.0200,406.0200
2020-10-29,TSLA,410.8300,410.8300
2020-10-30,TSLA,388.0400,388.0400
2020-11-02,TSLA,400.5100,400.5100
2020-11-03,TSLA,423.9000,423.9000
2020-11-04,TSLA,420.9800,420.9800
2020-11-05,TSLA,438.0900,438.0900
2020-11-06,TSLA,429.9500,429.9500
2020-11-09,TSLA,421.2600,421.2600
2020-11-10,TSLA,410.3600,410.3600
2020-11-11,TSLA,417.1300,417.1300
2020-11-12,TSLA,411.7600,411.7600
2020-11-13,TSLA,408.5000,408.5000
2020-11-16,TSLA,408.0900,408.0900
2020-11-17,TSLA,441.6100,441.6100
2020-11-18,TSLA,486.6400,486.6400
2020-11-19,TSLA,499.2700,499.2700
2020-11-20,TSLA,489.6100,489.6100
2020-11-23,TSLA,521.8500,521.8500
2020-11-24,TSLA,555.3800,555.3800
2020-11-25,TSLA,574.0000,574.0000
2020-11-27,TSLA,585.7600,585.7600
2020-11-30,TSLA,567.6000,567.6000
2020-12-01,TSLA,584.7600,584.7600
2020-12-02,TSLA,568.8200,568.8200
2020-12-03,TSLA,593.3800,593.3800
2020-12-04,TSLA,599.0400,599.0400
2020-12-07,TSLA,641.7600,641.7600
2020-12-08,TSLA,649.8800,649.8800
2020-12-09,TSLA,604.4800,604.4800
2020-12-10,TSLA,627.0700,627.0700
2020-12-11,TSLA,609.9900,609.9900
2020-12-14,TSLA,639.8300,639.8300
2020-12-15,TSLA,633.2500,633.2500
2020-12-16,TSLA,622.7700,622.7700
2020-12-17,TSLA,655.9000,655.9000
2020-12-18,TSLA,695.0000,695.0000
2020-12-21,TSLA,649.8600,649.8600
2020-12-22,TSLA,640.3400,640.3400
2020-12-23,TSLA,645.9800,645.9800
2020-12-24,TSLA,661.7700,661.7700
2020-12-28,TSLA,663.6900,663.6900
2020-12-29,TSLA,665.9900,665.9900
2020-12-30,TSLA,694.7800,694.7800
2020-12-31,TSLA,705.6700,705.6700
2021-01-04,TSLA,729.7700,729.7700
2021-01-05,TSLA,735.1100,735.1100
2021-01-06,TSLA,755.9800,755.9800
2021-01-07,TSLA,816.0400,816.0400
2021-01-08,TSLA,880.0200,880.0200
2021-01-11,TSLA,811.1900,811.1900
2021-01-12,TSLA,849.4400,849.4400
2021-01-13,TSLA,854.4100,854.4100
2021-01-14,TSLA,845.0000,845.0000
2021-01-15,TSLA,826.1600,826.1600
2021-01-19,TSLA,844.5500,844.5500
2021-01-20,TSLA,850.4500,850.4500
2021-01-21,TSLA,844.9900,844.9900
2021-01-22,TSLA,846.6400,846.6400
2021-01-25,TSLA,880.8000,880.8000
2021-01-26,TSLA,883.0900,883.0900
2021-01-27,TSLA,864.1600,864.1600
2021-01-28,TSLA,835.4300,835.4300
2021-01-29,TSLA,793.5300,793.5300
2021-02-01,TSLA,839.8100,839.8100
2021-02-02,TSLA,872.7900,872.7900
2021-02-03,TSLA,854.6900,854.6900
2021-02-04,TSLA,849.9900,849.9900
2021-02-05,TSLA,852.2300,852.2300
2021-02-08,TSLA,863.4200,863.4200
2021-02-09,TSLA,849.4600,849.4600
2021-02-10,TSLA,804.8200,804.8200
2021-02-11,TSLA,811.6600,811.6600
2021-02-12,TSLA,816.1200,816.1200
2021-02-16,TSLA,796.2200,796.2200
2021-02-17,TSLA,798.1500,798.1500
2021-02-18,TSLA,787.3800,787.3800
2021-02-19,TSLA,781.3000,781.3000
2021-02-22,TSLA,714.5000,714.5000
2021-02-23,TSLA,698.8400,698.8400
2021-02-24,TSLA,742.0200,742.0200
2021-02-25,TSLA,682.2200,682.2200
2021-02-26,TSLA,675.5000,675.5000
2021-03-01,TSLA,718.4300,718.4300
2021-03-02,TSLA,686.4400,686.4400
2021-03-03,TSLA,653.2000,653.2000
2021-03-04,TSLA,621.4400,621.4400
2021-03-05,TSLA,597.9500,597.9500
2021-03-08,TSLA,563.0000,563.0000
2021-03-09,TSLA,673.5800,673.5800
2021-03-10,TSLA,668.0600,668.0600
2021-03-11,TSLA,699.6000,699.6000
2021-03-12,TSLA,693.7300,693.7300
2021-03-15,TSLA,707.9400,707.9400
2021-03-16,TSLA,676.8800,676.8800
2021-03-17,TSLA,701.8100,701.8100
2021-03-18,TSLA,653.1600,653.1600
2021-03-19,TSLA,654.8700,654.8700
2021-03-22,TSLA,670.0000,670.0000
2021-03-23,TSLA,662.1600,662.1600
2021-03-24,TSLA,630.2700,630.2700
2021-03-25,TSLA,640.3900,640.3900
2021-03-26,TSLA,618.7100,618.7100
2021-03-29,TSLA,611.2900,611.2900
2021-03-30,TSLA,635.6200,635.6200
2021-03-31,TSLA,667.9300,667.9300
2021-04-01,TSLA,661.7500,661.7500
2021-04-05,TSLA,691.0500,691.0500
2021-04-06,TSLA,691.6200,691.6200
2021-04-07,TSLA,670.9700,670.9700
2021-04-08,TSLA,683.8000,683.8000
2021-04-09,TSLA,677.0200,677.0200
2021-04-12,TSLA,701.9800,701.9800
2021-04-13,TSLA,762.3200,762.3200
2021-04-14,TSLA,732.2300,732.2300
2021-04-15,TSLA,738.8500,738.8500
2021-04-16,TSLA,739.7800,739.7800
2021-04-19,TSLA,714.6300,714.6300
2021-04-20,TSLA,718.9900,718.9900
2021-04-21,TSLA,744.1200,744.1200
2021-04-22,TSLA,719.6900,719.6900
2021-04-23,TSLA,729.4000,729.4000
2021-04-26,TSLA,738.2000,738.2000
2021-04-27,TSLA,704.7400,704.7400
2021-04-28,TSLA,694.4000,694.4000
2021-04-29,TSLA,677.0000,677.0000
2021-04-30,TSLA,709.4400,709.4400
2021-05-03,TSLA,684.9000,684.9000
2021-05-04,TSLA,673.6000,673.6000
2021-05-05,TSLA,670.9400,670.9400
2021-05-06,TSLA,663.5400,663.5400
2021-05-07,TSLA,672.3700,672.3700
2021-05-10,TSLA,629.0400,629.0400
2021-05-11,TSLA,617.2000,617.2000
2021-05-12,TSLA,589.8900,589.8900
2021-05-13,TSLA,571.6900,571.6900
2021-05-14,TSLA,589.7400,589.7400
2021-05-17,TSLA,576.8300,576.8300
2021-05-18,TSLA,577.8700,577.8700
2021-05-19,TSLA,563.4600,563.4600
2021-05-20,TSLA,586.7800,586.7800
2021-05-21,TSLA,580.8800,580.8800
2021-05-24,TSLA,606.4400,606.4400
2021-05-25,TSLA,604.6900,604.6900
2021-05-26,TSLA,619.1300,619.1300
2021-05-27,TSLA,630.8500,630.8500
2021-05-28,TSLA,625.2200,625.2200
2021-06-01,TSLA,623.9000,623.9000
2021-06-02,TSLA,605.1200,605.1200
2021-06-03,TSLA,572.8400,572.8400
2021-06-04,TSLA,599.0500,599.0500
2021-06-07,TSLA,605.1300,605.1300
2021-06-08,TSLA,603.5900,603.5900
2021-06-09,TSLA,598.7800,598.7800
2021-06-10,TSLA,610.1200,610.1200
2021-06-11,TSLA,609.8900,609.8900
2021-06-14,TSLA,617.6900,617.6900
2021-06-15,TSLA,599.3600,599.3600
2021-06-16,TSLA,604.8700,604.8700
2021-06-17,TSLA,616.6000,616.6000
2021-06-18,TSLA,623.3100,623.3100
2021-06-21,TSLA,620.8300,620.8300
2021-06-22,TSLA,623.7100,623.7100
2021-06-23,TSLA,656.5700,656.5700
2021-06-24,TSLA,679.8200,679.8200
2021-06-25,TSLA,671.8700,671.8700
2021-06-28,TSLA,688.7200,688.7200
2021-06-29,TSLA,680.7600,680.7600
2021-06-30,TSLA,679.7000,679.7000
2021-07-01,TSLA,677.9200,677.9200
2021-07-02,TSLA,678.9000,678.9000
2021-07-06,TSLA,659.5800,659.5800
2021-07-07,TSLA,644.6500,644.6500
2021-07-08,TSLA,652.8100,652.8100
2021-07-09,TSLA,656.9500,656.9500
2021-07-12,TSLA,685.7000,685.7000
2021-07-13,TSLA,668.5400,668.5400
2021-07-14,TSLA,653.3800,653.3800
2021-07-15,TSLA,650.6000,650.6000
2021-07-16,TSLA,644.2200,644.2200
2021-07-19,TSLA,646.2200,646.2200
2021-07-20,TSLA,660.5000,660.5000
2021-07-21,TSLA,655.2900,655.2900
2021-07-22,TSLA,649.2600,649.2600
2021-07-23,TSLA,643.3800,643.3800
2021-07-26,TSLA,657.6200,657.6200
2021-07-27,TSLA,644.7800,644.7800
2021-07-28,TSLA,646.9800,646.9800
2021-07-29,TSLA,677.3500,677.3500
2021-07-30,TSLA,687.2000,687.2000
2021-08-02,TSLA,709.6700,709.6700
2021-08-03,TSLA,709.7400,709.7400
2021-08-04,TSLA,710.9200,710.9200
2021-08-05,TSLA,714.6300,714.6300
2021-08-06,TSLA,699.1000,699.1000
2021-08-09,TSLA,713.7600,713.7600
2021-08-10,TSLA,709.9900,709.9900
2021-08-11,TSLA,707.8200,707.8200
2021-08-12,TSLA,722.2500,722.2500
2021-08-13,TSLA,717.1700,717.1700
2021-08-16,TSLA,686.1700,686.1700
2021-08-17,TSLA,665.7100,665.7100
2021-08-18,TSLA,688.9900,688.9900
2021-08-19,TSLA,673.4700,673.4700
2021-08-20,TSLA,680.2600,680.2600
2021-08-23,TSLA,706.3000,706.3000
2021-08-24,TSLA,708.4900,708.4900
2021-08-25,TSLA,711.2000,711.2000
2021-08-26,TSLA,701.1600,701.1600
2021-08-27,TSLA,711.9200,711.9200
2021-08-30,TSLA,730.9100,730.9100
2021-08-31,TSLA,735.7200,735.7200
2021-09-01,TSLA,734.0900,734.0900
2021-09-02,TSLA,732.3900,732.3900
2021-09-03,TSLA,733.5700,733.5700
2021-09-07,TSLA,752.9200,752.9200
2021-09-08,TSLA,753.8700,753.8700
2021-09-09,TSLA,754.8600,754.8600
2021-09-10,TSLA,736.2700,736.2700
2021-09-13,TSLA,743.0000,743.0000
2021-09-14,TSLA,744.4900,744.4900
2021-09-15,TSLA,755.8300,755.8300
2021-09-16,TSLA,756.9900,756.9900
2021-09-17,TSLA,759.4900,759.4900
2021-09-20,TSLA,730.1700,730.1700
2021-09-21,TSLA,739.3800,739.3800
2021-09-22,TSLA,751.9400,751.9400
2021-09-23,TSLA,753.6400,753.6400
2021-09-24,TSLA,774.3900,774.3900
2021-09-27,TSLA,791.3600,791.3600
2021-09-28,TSLA,777.5600,777.5600
2021-09-29,TSLA,781.3100,781.3100
2021-09-30,TSLA,775.4800,775.4800
2021-10-01,TSLA,775.2200,775.2200
2021-10-04,TSLA,781.5300,781.5300
2021-10-05,TSLA,780.5900,780.5900
2021-10-06,TSLA,782.7500,782.7500
2021-10-07,TSLA,793.6100,793.6100
2021-10-08,TSLA,785.4900,785.4900
2021-10-11,TSLA,791.9400,791.9400
2021-10-12,TSLA,805.7200,805.7200
2021-10-13,TSLA,811.0800,811.0800
2021-10-14,TSLA,818.3200,818.3200
2021-10-15,TSLA,843.0300,843.0300
2021-10-18,TSLA,870.1100,870.1100
2021-10-19,TSLA,864.2700,864.2700
2021-10-20,TSLA,865.8000,865.8000
2021-10-21,TSLA,894.0000,894.0000
2021-10-22,TSLA,909.6800,909.6800
2021-10-25,TSLA,1024.8600,1024.8600
2021-10-26,TSLA,1018.4300,1018.4300
2021-10-27,TSLA,1037.8600,1037.8600
2021-10-28,TSLA,1077.0400,1077.0400
2021-10-29,TSLA,1114.0000,1114.0000
2021-11-01,TSLA,1208.5900,1208.5900
2021-11-02,TSLA,1172.0000,1172.0000
2021-11-03,TSLA,1213.8600,1213.8600
2021-11-04,TSLA,1229.9100,1229.9100
2021-11-05,TSLA,1222.0900,1222.0900
2021-11-08,TSLA,1162.9400,1162.9400
2021-11-09,TSLA,1023.5000,1023.5000
2021-11-10,TSLA,1067.9500,1067.9500
2021-11-11,TSLA,1063.5100,1063.5100
2021-11-12,TSLA,1033.4200,1033.4200
2021-11-15,TSLA,1013.3900,1013.3900
2021-11-16,TSLA,1054.7300,1054.7300
2021-11-17,TSLA,1089.0100,1089.0100
2021-11-18,TSLA,1096.3800,1096.3800
2021-11-19,TSLA,1137.0600,1137.0600
2021-11-22,TSLA,1156.8700,1156.8700
2021-11-23,TSLA,1109.0300,1109.0300
2021-11-24,TSLA,1116.0000,1116.0000
2021-11-26,TSLA,1081.9200,1081.9200
2021-11-29,TSLA,1136.9900,1136.9900
2021-11-30,TSLA,1144.7600,1144.7600
2021-12-01,TSLA,1095.0000,1095.0000
2021-12-02,TSLA,1084.6000,1084.6000
2021-12-03,TSLA,1014.9700,1014.9700
2021-12-06,TSLA,1009.0100,1009.0100
2021-12-07,TSLA,1051.7500,1051.7500
2021-12-08,TSLA,1068.9600,1068.9600
2021-12-09,TSLA,1003.8000,1003.8000
2021-12-10,TSLA,1017.0300,1017.0300
2021-12-13,TSLA,966.4100,966.4100
2021-12-14,TSLA,958.5100,958.5100
2021-12-15,TSLA,975.9900,975.9900
2021-12-16,TSLA,926.9200,926.9200
2021-12-17,TSLA,932.5700,932.5700
2021-12-20,TSLA,899.9400,899.9400
2021-12-21,TSLA,938.5300,938.5300
2021-12-22,TSLA,1008.8700,1008.8700
2021-12-23,TSLA,1067.0000,1067.0000
2021-12-27,TSLA,1093.9400,1093.9400
2021-12-28,TSLA,1088.4700,1088.4700
2021-12-29,TSLA,1086.1900,1086.1900
2021-12-30,TSLA,1070.3400,1070.3400
2021-12-31,TSLA,1056.7800,1056.7800
2022-01-03,TSLA,1199.7800,1199.7800
2022-01-04,TSLA,1149.5900,1149.5900
2022-01-05,TSLA,1088.1200,1088.1200
2022-01-06,TSLA,1064.7000,1064.7000
2022-01-07,TSLA,1026.9600,1026.9600
2022-01-10,TSLA,1058.1200,1058.1200
2022-01-11,TSLA,1064.4000,1064.4000
2022-01-12,TSLA,1106.2200,1106.2200
2022-01-13,TSLA,1031.5600,1031.5600
2022-01-14,TSLA,1049.6100,1049.6100
2022-01-18,TSLA,1030.5100,1030.5100
2022-01-19,TSLA,995.6500,995.6500
2022-01-20,TSLA,996.2700,996.2700
2022-01-21,TSLA,943.9000,943.9000
2022-01-24,TSLA,930.0000,930.0000
2022-01-25,TSLA,918.4000,918.4000
2022-01-26,TSLA,937.4100,937.4100
2022-01-27,TSLA,829.1000,829.1000
2022-01-28,TSLA,846.3500,846.3500
2022-01-31,TSLA,936.7200,936.7200
2022-02-01,TSLA,931.2500,931.2500
2022-02-02,TSLA,905.6600,905.6600
2022-02-03,TSLA,891.1400,891.1400
2022-02-04,TSLA,923.3200,923.3200
2022-02-07,TSLA,907.3400,907.3400
2022-02-08,TSLA,922.0000,922.0000
2022-02-09,TSLA,932.0000,932.0000
2022-02-10,TSLA,904.5500,904.5500
2022-02-11,TSLA,860.0000,860.0000
2022-02-14,TSLA,875.7600,875.7600
2022-02-15,TSLA,922.4300,922.4300
2022-02-16,TSLA,923.3900,923.3900
2022-02-17,TSLA,876.3500,876.3500
2022-02-18,TSLA,856.9800,856.9800
2022-02-22,TSLA,821.5300,821.5300
2022-02-23,TSLA,764.0400,764.0400
2022-02-24,TSLA,800.7700,800.7700
2022-02-25,TSLA,809.8700,809.8700
2022-02-28,TSLA,870.4300,870.4300
2022-03-01,TSLA,864.3700,864.3700
2022-03-02,TSLA,879.8900,879.8900
2022-03-03,TSLA,839.2900,839.2900
2022-03-04,TSLA,838.2900,838.2900
2022-03-07,TSLA,804.5800,804.5800
2022-03-08,TSLA,824.4000,824.4000
2022-03-09,TSLA,858.9700,858.9700
2022-03-10,TSLA,838.3000,838.3000
2022-03-11,TSLA,795.3500,795.3500
2022-03-14,TSLA,766.3700,766.3700
2022-03-15,TSLA,801.8900,801.8900
2022-03-16,TSLA,840.2300,840.2300
2022-03-17,TSLA,871.6000,871.6000
2022-03-18,TSLA,905.3900,905.3900
2022-03-21,TSLA,921.1600,921.1600
2022-03-22,TSLA,993.9800,993.9800
2022-03-23,TSLA,999.1100,999.1100
2022-03-24,TSLA,1013.9200,1013.9200
2022-03-25,TSLA,1010.6400,1010.6400
2022-03-28,TSLA,1091.8400,1091.8400
2022-03-29,TSLA,1099.5700,1099.5700
2022-03-30,TSLA,1093.9900,1093.9900
2022-03-31,TSLA,1077.6000,1077.6000
2022-04-01,TSLA,1084.5900,1084.5900
2022-04-04,TSLA,1145.4500,1145.4500
2022-04-05,TSLA,1091.2600,1091.2600
2022-04-06,TSLA,1045.7600,1045.7600
2022-04-07,TSLA,1057.2600,1057.2600
2022-04-08,TSLA,1025.4900,1025.4900
2022-04-11,TSLA,975.9300,975.9300
2022-04-12,TSLA,986.9500,986.9500
2022-04-13,TSLA,1022.3700,1022.3700
2022-04-14,TSLA,985.0000,985.0000
2022-04-18,TSLA,1004.2900,1004.2900
2022-04-19,TSLA,1028.1500,1028.1500
2022-04-20,TSLA,977.2000,977.2000
2022-04-21,TSLA,1008.7800,1008.7800
2022-04-22,TSLA,1005.0500,1005.0500
2022-04-25,TSLA,998.0200,998.0200
2022-04-26,TSLA,876.4200,876.4200
2022-04-27,TSLA,881.5100,881.5100
2022-04-28,TSLA,877.5100,877.5100
2022-04-29,TSLA,870.7600,870.7600
2022-05-02,TSLA,902.9400,902.9400
2022-05-03,TSLA,909.2500,909.2500
2022-05-04,TSLA,952.6200,952.6200
2022-05-05,TSLA,873.2800,873.2800
2022-05-06,TSLA,865.6500,865.6500
2022-05-09,TSLA,787.1100,787.1100
2022-05-10,TSLA,800.0400,800.0400
2022-05-11,TSLA,734.0000,734.0000
2022-05-12,TSLA,728.0000,728.0000
2022-05-13,TSLA,769.5900,769.5900
2022-05-16,TSLA,724.3700,724.3700
2022-05-17,TSLA,761.6100,761.6100
2022-05-18,TSLA,709.8100,709.8100
2022-05-19,TSLA,709.4200,709.4200
2022-05-20,TSLA,663.9000,663.9000
2022-05-23,TSLA,674.9000,674.9000
2022-05-24,TSLA,628.1600,628.1600
2022-05-25,TSLA,658.8000,658.8000
2022-05-26,TSLA,707.7300,707.7300
2022-05-27,TSLA,759.6300,759.6300
2022-05-31,TSLA,758.2600,758.2600
2022-06-01,TSLA,740.3700,740.3700
2022-06-02,TSLA,775.0000,775.0000
2022-06-03,TSLA,703.5500,703.5500
2022-06-06,TSLA,714.8400,714.8400
2022-06-07,TSLA,716.6600,716.6600
2022-06-08,TSLA,725.6000,725.6000
2022-06-09,TSLA,719.1200,719.1200
2022-06-10,TSLA,696.6900,696.6900
2022-06-13,TSLA,647.2100,647.2100
2022-06-14,TSLA,662.6700,662.6700
2022-06-15,TSLA,699.0000,699.0000
2022-06-16,TSLA,639.3000,639.3000
2022-06-17,TSLA,650.2800,650.2800
